[
  { "date": "2023-04-24", "title": "ver 1.1.0 をリリースしました" },
  { "date": "2023-03-27", "title": "ver 1.0.0 をリリースしました" },
  { "date": "2023-03-23", "title": "ver 0.4.0 をリリースしました" },
  { "date": "2023-03-21", "title": "ver 0.3.1 をリリースしました" },
  { "date": "2023-03-20", "title": "ver 0.3.0 をリリースしました" },
  { "date": "2023-03-15", "title": "ver 0.2.0 をリリースしました" },
  { "date": "2023-03-01", "title": "ver 0.1.0 をリリースしました" }
]
