{
  "swagger": "2.0",
  "info": {
    "description": "各APIの[Try it out]->[Execute]での動作はintegra環境に対して行われます。(この画面から本番環境に対して操作はできません)\nまた、全てのAPIで職番の入力が必要です。\n便利帳で共有DBの権限が無いとAPIは使用できません。",
    "version": "2.0",
    "title": "共有DB API"
  },
  "host": "hgaap02t.a.rd.honda.co.jp:7041",
  "basePath": "/vbdb2-webservice/api",
  "tags": [
    {
      "name": "1.テーブル"
    },
    {
      "name": "2.列"
    },
    {
      "name": "3.行"
    },
    {
      "name": "4.モデル"
    },
    {
      "name": "5.検索"
    }
  ],
  "schemes": ["http"],
  "paths": {
    "/v2/groups/{group_id}": {
      "get": {
        "tags": ["1.テーブル"],
        "summary": "List Group-Items",
        "description": "指定されたグループ内のフォルダやテーブル情報を全てを取得する。\n親子関係をchildrenの階層構造で表現している。\n\nグループIDは次の中から指定可能[E(ENGINE), F(FRAME), M(MASTER), A(A要件), C(彼我), I(ファイル)]",
        "operationId": "listGroupItems",
        "consumes": ["application/json"],
        "produces": ["application/json"],
        "parameters": [
          {
            "name": "group_id",
            "in": "path",
            "description": "グループID",
            "required": true,
            "type": "string"
          },
          {
            "name": "user_id",
            "in": "query",
            "description": "職番",
            "required": false,
            "type": "string"
          }
        ],
        "responses": {
          "200": {
            "description": "successful operation",
            "schema": {
              "type": "array",
              "items": {
                "$ref": "#/definitions/Vbdb2RestGroup"
              }
            }
          },
          "401": {
            "description": "ユーザ権限無し"
          },
          "404": {
            "description": "結果0件"
          }
        }
      }
    },
    "/v2/tables": {
      "get": {
        "tags": ["1.テーブル"],
        "summary": "List Tables",
        "description": "全件、もしくは指定されたグループ内のテーブル情報一覧を取得する。\n逆展開した祖先のID一覧も取得する。(一覧は逆展開順)\n\nグループIDは次の中から指定可能[E(ENGINE), F(FRAME), M(MASTER), A(A要件), C(彼我), I(ファイル)]※上記以外を指定した場合は全件取得",
        "operationId": "listTable",
        "consumes": ["application/json"],
        "produces": ["application/json"],
        "parameters": [
          {
            "name": "group_id",
            "in": "query",
            "description": "グループID",
            "required": false,
            "type": "string"
          },
          {
            "name": "user_id",
            "in": "query",
            "description": "職番",
            "required": false,
            "type": "string"
          }
        ],
        "responses": {
          "200": {
            "description": "successful operation",
            "schema": {
              "type": "array",
              "items": {
                "$ref": "#/definitions/Vbdb2RestTable"
              }
            }
          },
          "401": {
            "description": "ユーザ権限無し"
          },
          "404": {
            "description": "結果0件"
          }
        }
      }
    },
    "/v2/tables/{table_id}": {
      "get": {
        "tags": ["1.テーブル"],
        "summary": "Get Table",
        "description": "テーブルIDを指定し、テーブル情報を取得する。\n逆展開した祖先のID一覧も取得する。(一覧は逆展開順)",
        "operationId": "getTable",
        "consumes": ["application/json"],
        "produces": ["application/json"],
        "parameters": [
          {
            "name": "table_id",
            "in": "path",
            "description": "テーブルID",
            "required": true,
            "type": "string"
          },
          {
            "name": "user_id",
            "in": "query",
            "description": "職番",
            "required": false,
            "type": "string"
          }
        ],
        "responses": {
          "200": {
            "description": "successful operation",
            "schema": {
              "$ref": "#/definitions/Vbdb2RestTable"
            }
          },
          "401": {
            "description": "ユーザ権限無し"
          },
          "404": {
            "description": "結果0件"
          }
        }
      },
      "patch": {
        "tags": ["1.テーブル"],
        "summary": "Update Table",
        "description": "テーブル名称,列順序を更新する。\n列順序は部分的な更新はできないため、列IDは過不足なくリクエストする。\n\nfield_masks: 更新対象を指定する。[name(テーブル名称), columns(列順序)]\nname: 新しいテーブル名称\ncolumns: 配列順に新しい列順序として更新",
        "operationId": "updateTable",
        "consumes": ["application/json"],
        "produces": ["application/json"],
        "parameters": [
          {
            "in": "body",
            "name": "body",
            "description": "request",
            "required": false,
            "schema": {
              "$ref": "#/definitions/Vbdb2RestTableUpdateRequest"
            }
          },
          {
            "name": "table_id",
            "in": "path",
            "description": "テーブルID",
            "required": true,
            "type": "string"
          },
          {
            "name": "user_id",
            "in": "query",
            "description": "職番(共有DB管理権限)",
            "required": false,
            "type": "string"
          }
        ],
        "responses": {
          "400": {
            "description": "不正な要求"
          },
          "401": {
            "description": "ユーザ権限無し"
          },
          "404": {
            "description": "選択したテーブルもしくはカラムが見つからない"
          }
        }
      }
    },
    "/v2/tables/{table_id}/columns": {
      "get": {
        "tags": ["2.列"],
        "summary": "List Columns",
        "description": "テーブルIDを指定し、全ての列の定義情報を取得する。\n\nincludeに hidden を指定することで非表示に設定されている列も取得する。",
        "operationId": "listColumns",
        "consumes": ["application/json"],
        "produces": ["application/json"],
        "parameters": [
          {
            "name": "table_id",
            "in": "path",
            "description": "テーブルID",
            "required": true,
            "type": "string"
          },
          {
            "name": "include",
            "in": "query",
            "description": "非表示列指定",
            "required": false,
            "type": "string"
          },
          {
            "name": "user_id",
            "in": "query",
            "description": "職番",
            "required": false,
            "type": "string"
          }
        ],
        "responses": {
          "200": {
            "description": "successful operation",
            "schema": {
              "type": "array",
              "items": {
                "$ref": "#/definitions/Vbdb2RestTableColumn"
              }
            }
          },
          "401": {
            "description": "ユーザ権限無し"
          },
          "404": {
            "description": "結果0件"
          }
        }
      }
    },
    "/v2/tables/{table_id}/columns/{column_id}": {
      "get": {
        "tags": ["2.列"],
        "summary": "Get Column",
        "description": "テーブルID、列IDを指定し、列の定義情報を取得する。\n\nfield_maskを次の通りに指定することで列に存在するセルの値も取得する。\n・cells: 1列分のセル値を取得\n・cells.{row_id}: 指定した行のセルのみ取得",
        "operationId": "getColumn",
        "produces": ["application/json"],
        "parameters": [
          {
            "name": "table_id",
            "in": "path",
            "description": "テーブルID",
            "required": true,
            "type": "string"
          },
          {
            "name": "column_id",
            "in": "path",
            "description": "列ID",
            "required": true,
            "type": "string"
          },
          {
            "name": "field_mask",
            "in": "query",
            "description": "mask指示",
            "required": false,
            "type": "string"
          },
          {
            "name": "user_id",
            "in": "query",
            "description": "職番",
            "required": false,
            "type": "string"
          }
        ],
        "responses": {
          "200": {
            "description": "successful operation",
            "schema": {
              "$ref": "#/definitions/Vbdb2RestTableColumn"
            }
          },
          "401": {
            "description": "ユーザ権限無し"
          },
          "404": {
            "description": "結果0件"
          }
        }
      },
      "patch": {
        "tags": ["2.列"],
        "summary": "Update Column",
        "description": "列名称,スタイル,単位,列の表示設定を更新する。\n\nfield_masks: 更新対象を指定\nresource: 新しい値を指定\nname1～3(列名称), type(スタイル), unit(単位), visible(列の表示設定)\n※スタイル(TEXT:文字列, NUM0:数値/.0, NUM1:数値/.1, NUM2:数値/.2, NUM3:数値/.3, NUM4:数値/.4, NUM5:数値/.5, FILE:ファイル, IMG:画像, YMD1:日付(yyyy/mm/dd), YMD0:日付(dd-mmm-yyyy))",
        "operationId": "updateColumn",
        "consumes": ["application/json"],
        "produces": ["application/json"],
        "parameters": [
          {
            "in": "body",
            "name": "body",
            "description": "request",
            "required": false,
            "schema": {
              "$ref": "#/definitions/Vbdb2RestColumnUpdateRequest"
            }
          },
          {
            "name": "table_id",
            "in": "path",
            "description": "テーブルID",
            "required": true,
            "type": "string"
          },
          {
            "name": "column_id",
            "in": "path",
            "description": "列ID",
            "required": true,
            "type": "string"
          },
          {
            "name": "user_id",
            "in": "query",
            "description": "職番(共有DB管理権限)",
            "required": false,
            "type": "string"
          }
        ],
        "responses": {
          "400": {
            "description": "不正な要求"
          },
          "401": {
            "description": "ユーザ権限無し"
          },
          "404": {
            "description": "選択したテーブルもしくはカラムが見つからない"
          }
        }
      }
    },
    "/v2/tables/{table_id}/rows": {
      "get": {
        "tags": ["3.行"],
        "summary": "List Rows",
        "description": "テーブルIDを指定し、全てのレコードキーを取得する。(昇順)\n\nfield_maskを次の通りに指定することで存在するセルの値も取得する。\n・cells: 1行分のセル値を取得\nincludeに hidden を指定することでセルの値を取得時に非表示設定の列の値も取得する。\npageでどの範囲の行のセルを取得するかを指定する。\n・page=1 : レコードキー(昇順)の1～100行",
        "operationId": "listRows",
        "consumes": ["application/json"],
        "produces": ["application/json"],
        "parameters": [
          {
            "name": "table_id",
            "in": "path",
            "description": "テーブルID",
            "required": true,
            "type": "string"
          },
          {
            "name": "field_mask",
            "in": "query",
            "description": "mask指示",
            "required": false,
            "type": "string"
          },
          {
            "name": "include",
            "in": "query",
            "description": "非表示列指定",
            "required": false,
            "type": "string"
          },
          {
            "name": "page",
            "in": "query",
            "description": "ページ番号",
            "required": false,
            "type": "string"
          },
          {
            "name": "user_id",
            "in": "query",
            "description": "職番",
            "required": false,
            "type": "string"
          }
        ],
        "responses": {
          "200": {
            "description": "successful operation",
            "schema": {
              "type": "array",
              "items": {
                "$ref": "#/definitions/Vbdb2RestRowValue"
              }
            },
            "headers": {
              "Link": {
                "type": "array",
                "description": "次ページがある場合、次ページのURL",
                "items": {
                  "$ref": "#/definitions/Vbdb2RestRowValue"
                }
              }
            }
          },
          "401": {
            "description": "ユーザ権限無し"
          },
          "404": {
            "description": "結果0件"
          }
        }
      }
    },
    "/v2/tables/{table_id}/rows/{row_id}": {
      "get": {
        "tags": ["3.行"],
        "summary": "Get Row",
        "description": "テーブルID、行IDを指定し、レコードキーを取得する。\n\nfield_maskを次の通りに指定することで行に存在するセルの値も取得する。\n・cells: 1行分のセル値を取得\nincludeに hidden を指定することでセルの値を取得時に非表示設定の列の値も取得する。",
        "operationId": "getRow",
        "produces": ["application/json"],
        "parameters": [
          {
            "name": "table_id",
            "in": "path",
            "description": "テーブルID",
            "required": true,
            "type": "string"
          },
          {
            "name": "row_id",
            "in": "path",
            "description": "行ID",
            "required": true,
            "type": "string"
          },
          {
            "name": "include",
            "in": "query",
            "description": "非表示列指定",
            "required": false,
            "type": "string"
          },
          {
            "name": "field_mask",
            "in": "query",
            "description": "mask指示",
            "required": false,
            "type": "string"
          },
          {
            "name": "user_id",
            "in": "query",
            "description": "職番",
            "required": false,
            "type": "string"
          }
        ],
        "responses": {
          "200": {
            "description": "successful operation",
            "schema": {
              "$ref": "#/definitions/Vbdb2RestRowValue"
            }
          },
          "401": {
            "description": "ユーザ権限無し"
          },
          "404": {
            "description": "結果0件"
          }
        }
      },
      "patch": {
        "tags": ["3.行"],
        "summary": "Update Row",
        "description": "1行のうち指定された列のセルを更新する。\n更新時に再計算も実施する。",
        "operationId": "updateRow",
        "consumes": ["application/json"],
        "produces": ["application/json"],
        "parameters": [
          {
            "in": "body",
            "name": "body",
            "description": "request",
            "required": false,
            "schema": {
              "$ref": "#/definitions/Vbdb2RestRowUpdateRequest"
            }
          },
          {
            "name": "table_id",
            "in": "path",
            "description": "テーブルID",
            "required": true,
            "type": "string"
          },
          {
            "name": "row_id",
            "in": "path",
            "description": "行ID",
            "required": true,
            "type": "string"
          },
          {
            "name": "user_id",
            "in": "query",
            "description": "職番(共有DB管理権限)",
            "required": false,
            "type": "string"
          }
        ],
        "responses": {
          "400": {
            "description": "不正な要求"
          },
          "401": {
            "description": "ユーザ権限無し"
          },
          "404": {
            "description": "選択したテーブルもしくはカラムが見つからない"
          }
        }
      }
    },
    "/v2/models": {
      "get": {
        "tags": ["4.モデル"],
        "summary": "List Models",
        "description": "機種情報一覧を取得する。\nfield_maskを次の通りに指定することで関連する機種IDも取得する。\n・related_model: 関連する機種ID",
        "operationId": "listModels",
        "consumes": ["application/json"],
        "produces": ["application/json"],
        "parameters": [
          {
            "name": "field_mask",
            "in": "query",
            "description": "mask指示",
            "required": false,
            "type": "string"
          },
          {
            "name": "user_id",
            "in": "query",
            "description": "職番",
            "required": false,
            "type": "string"
          }
        ],
        "responses": {
          "200": {
            "description": "successful operation",
            "schema": {
              "type": "array",
              "items": {
                "$ref": "#/definitions/Vbdb2RestModel"
              }
            }
          },
          "401": {
            "description": "ユーザ権限無し"
          },
          "404": {
            "description": "結果0件"
          }
        }
      }
    },
    "/v2/models/{model_id}": {
      "get": {
        "tags": ["4.モデル"],
        "summary": "Get Model",
        "description": "機種情報を取得する。\nfield_maskを次の通りに指定することで関連する機種IDも取得する。\n・related_model: 関連する機種ID",
        "operationId": "getModel",
        "consumes": ["application/json"],
        "produces": ["application/json"],
        "parameters": [
          {
            "name": "model_id",
            "in": "path",
            "description": "モデルID",
            "required": true,
            "type": "string"
          },
          {
            "name": "field_mask",
            "in": "query",
            "description": "mask指示",
            "required": false,
            "type": "string"
          },
          {
            "name": "user_id",
            "in": "query",
            "description": "職番",
            "required": false,
            "type": "string"
          }
        ],
        "responses": {
          "200": {
            "description": "successful operation",
            "schema": {
              "type": "array",
              "items": {
                "$ref": "#/definitions/Vbdb2RestModel"
              }
            }
          },
          "401": {
            "description": "ユーザ権限無し"
          },
          "404": {
            "description": "結果0件"
          }
        }
      }
    },
    "/v2/search/columns": {
      "get": {
        "tags": ["5.検索"],
        "summary": "Search Columns",
        "description": "検索クエリと列名称(グループ,グループ(項目),項目)もしくはテーブル名が部分一致する列情報を返す。",
        "operationId": "searchColumns",
        "consumes": ["application/json"],
        "produces": ["application/json"],
        "parameters": [
          {
            "name": "query",
            "in": "query",
            "description": "検索クエリ(部分一致)",
            "required": true,
            "type": "string"
          },
          {
            "name": "is_table_included",
            "in": "query",
            "description": "テーブルの名称を含めるかどうかのラベル",
            "required": true,
            "type": "string"
          },
          {
            "name": "offset",
            "in": "query",
            "description": "指定した数分スキップした結果を返す",
            "required": true,
            "type": "string"
          },
          {
            "name": "limit",
            "in": "query",
            "description": "検索結果から取得する件数の上限を指定(0で全件取得)",
            "required": true,
            "type": "string"
          },
          {
            "name": "user_id",
            "in": "query",
            "description": "職番",
            "required": false,
            "type": "string"
          }
        ],
        "responses": {
          "200": {
            "description": "successful operation",
            "schema": {
              "type": "array",
              "items": {
                "$ref": "#/definitions/Vbdb2RestSearchColumns"
              }
            }
          },
          "401": {
            "description": "ユーザ権限無し"
          },
          "404": {
            "description": "結果0件"
          }
        }
      }
    },
    "/v2/search/rows": {
      "get": {
        "tags": ["5.検索"],
        "summary": "Search Rows",
        "description": "検索クエリとレコードキーが部分一致する行情報を返す。",
        "operationId": "searchRows",
        "consumes": ["application/json"],
        "produces": ["application/json"],
        "parameters": [
          {
            "name": "query",
            "in": "query",
            "description": "検索クエリ(部分一致)",
            "required": true,
            "type": "string"
          },
          {
            "name": "group_id",
            "in": "query",
            "description": "グループID",
            "required": false,
            "type": "string"
          },
          {
            "name": "user_id",
            "in": "query",
            "description": "職番",
            "required": false,
            "type": "string"
          }
        ],
        "responses": {
          "200": {
            "description": "successful operation",
            "schema": {
              "type": "array",
              "items": {
                "$ref": "#/definitions/Vbdb2RestSearchRows"
              }
            }
          },
          "401": {
            "description": "ユーザ権限無し"
          },
          "404": {
            "description": "結果0件"
          }
        }
      }
    }
  },
  "definitions": {
    "Vbdb2RestGroup": {
      "properties": {
        "table_id": {
          "type": "string",
          "example": "1234",
          "description": "テーブルID"
        },
        "type": {
          "type": "string",
          "example": "T",
          "description": "ノード種類(F:フォルダ,T:テーブル,I:ファイル)"
        },
        "table_type": {
          "type": "string",
          "example": "F",
          "description": "テーブル種類(E:ENGINE,F:FRAME,M:MASTER,P:PART)"
        },
        "name": {
          "type": "string",
          "example": "テーブル",
          "description": "フォルダ,テーブル名称"
        },
        "children": {
          "type": "array",
          "description": "配下のフォルダやテーブル",
          "items": {
            "$ref": "#/definitions/Vbdb2RestGroup"
          }
        }
      },
      "description": "検索結果"
    },
    "Vbdb2RestTable": {
      "properties": {
        "table_id": {
          "type": "string",
          "example": "1234",
          "description": "テーブルID"
        },
        "type": {
          "type": "string",
          "example": "T",
          "description": "ノード種類(F:フォルダ,T:テーブル,I:ファイル)"
        },
        "table_type": {
          "type": "string",
          "example": "F",
          "description": "テーブル種類(E:ENGINE,F:FRAME,M:MASTER,P:PART)"
        },
        "name": {
          "type": "string",
          "example": "テーブル",
          "description": "テーブル名"
        },
        "group_id": {
          "type": "string",
          "example": "F",
          "description": "グループID(E:ENGINE,F:FRAME,M:MASTER,A:A要件,C:彼我,I:ファイル)"
        },
        "ancestors": {
          "type": "array",
          "example": "[\"687\",\"688\"]",
          "description": "親IDリスト",
          "items": {
            "type": "string"
          }
        }
      },
      "description": "検索結果"
    },
    "Vbdb2RestTableUpdateRequest": {
      "properties": {
        "field_masks": {
          "type": "array",
          "example": "name",
          "description": "更新対象",
          "items": {
            "type": "string"
          }
        },
        "resource": {
          "description": "更新条件",
          "$ref": "#/definitions/Vbdb2RestTableUpdateResource"
        }
      },
      "description": "テーブル更新request"
    },
    "Vbdb2RestTableUpdateResource": {
      "properties": {
        "name": {
          "type": "string",
          "example": "NewTableName",
          "description": "新テーブル名"
        },
        "columns": {
          "type": "array",
          "description": "新列順序",
          "items": {
            "$ref": "#/definitions/Vbdb2RestTableUpdateColumn"
          }
        }
      },
      "description": "テーブル更新条件"
    },
    "Vbdb2RestTableUpdateColumn": {
      "properties": {
        "column_id": {
          "type": "string",
          "example": "1234",
          "description": "列ID"
        }
      },
      "description": "列順序更新条件"
    },
    "Vbdb2RestTableColumn": {
      "properties": {
        "column_id": {
          "type": "string",
          "example": "1234",
          "description": "列ID"
        },
        "name1": {
          "type": "string",
          "example": "カラム1",
          "description": "カラム名(グループ)"
        },
        "name2": {
          "type": "string",
          "example": "カラム2",
          "description": "カラム名(グループ(項目))"
        },
        "name3": {
          "type": "string",
          "example": "カラム3",
          "description": "カラム名(項目)"
        },
        "type": {
          "type": "string",
          "example": "TEXT",
          "description": "スタイル(TEXT:文字列, NUM0:数値/.0, NUM1:数値/.1, NUM2:数値/.2, NUM3:数値/.3, NUM4:数値/.4, NUM5:数値/.5, FILE:ファイル, IMG:画像, YMD1:日付(yyyy/mm/dd), YMD0:日付(dd-mmm-yyyy))"
        },
        "unit": {
          "type": "string",
          "example": "cm",
          "description": "単位"
        },
        "property": {
          "type": "string",
          "example": "PULLDOWN",
          "description": "入力種類(LITERAL:手入力, PULLDOWN:他テーブル選択, MODEL_ID:機種ID選択, MODEL_ID_ELEMENT:機種ID要素, FILE:ファイル, IMAGE:イメージ, VLOOKUP:全自動取得, CALC:自動計算, IF:IF, CONCATE:文字連結, GCRUSH:ギヤ圧壊計算, HMAX:行方向Max, HLOOKUP:行方向LOOKUP, LERP:線形補間, MODEL_ID_CONV:機種IDEF変換, DATE:日付, COUNTRY:生産国)"
        },
        "hidden": {
          "type": "boolean",
          "description": "列が非表示"
        },
        "cells": {
          "type": "array",
          "description": "セル",
          "items": {
            "$ref": "#/definitions/Vbdb2RestTableColumnsCell"
          }
        }
      },
      "description": "検索結果"
    },
    "Vbdb2RestTableColumnsCell": {
      "properties": {
        "row_id": {
          "type": "string",
          "example": "5678",
          "description": "行ID"
        },
        "record_key": {
          "type": "string",
          "example": "レコードキー",
          "description": "レコードキー"
        },
        "value": {
          "type": "string",
          "example": "内容",
          "description": "セル値"
        }
      },
      "description": "セル"
    },
    "Vbdb2RestColumnUpdateRequest": {
      "properties": {
        "field_masks": {
          "type": "array",
          "example": "name1",
          "description": "更新対象",
          "items": {
            "type": "string"
          }
        },
        "resource": {
          "description": "更新条件",
          "$ref": "#/definitions/Vbdb2RestColumnUpdateResource"
        }
      },
      "description": "列更新request"
    },
    "Vbdb2RestColumnUpdateResource": {
      "properties": {
        "name1": {
          "type": "string",
          "example": "カラム1",
          "description": "カラム名(グループ)"
        },
        "name2": {
          "type": "string",
          "example": "カラム2",
          "description": "カラム名(グループ(項目))"
        },
        "name3": {
          "type": "string",
          "example": "カラム3",
          "description": "カラム名(項目)"
        },
        "type": {
          "type": "string",
          "example": "TEXT",
          "description": "スタイル(TEXT:文字列, NUM0:数値/.0, NUM1:数値/.1, NUM2:数値/.2, NUM3:数値/.3, NUM4:数値/.4, NUM5:数値/.5, FILE:ファイル, IMG:画像, YMD1:日付(yyyy/mm/dd), YMD0:日付(dd-mmm-yyyy))"
        },
        "unit": {
          "type": "string",
          "example": "kg",
          "description": "単位"
        },
        "visible": {
          "type": "boolean",
          "description": "表示"
        }
      },
      "description": "列更新条件"
    },
    "Vbdb2RestRowValue": {
      "properties": {
        "cells": {
          "type": "array",
          "description": "セル",
          "items": {
            "$ref": "#/definitions/Vbdb2RestCellValue"
          }
        },
        "row_id": {
          "type": "string",
          "example": "1234",
          "description": "行ID"
        },
        "record_key": {
          "type": "string",
          "example": "レコードキー",
          "description": "レコードキー"
        }
      },
      "description": "検索結果"
    },
    "Vbdb2RestCellValue": {
      "properties": {
        "column_id": {
          "type": "string",
          "example": "1234",
          "description": "列ID"
        },
        "value": {
          "type": "string",
          "example": "内容",
          "description": "セル値"
        }
      },
      "description": "セル"
    },
    "Vbdb2RestRowUpdateRequest": {
      "properties": {
        "resource": {
          "description": "更新条件",
          "$ref": "#/definitions/Vbdb2RestRowUpdateResource"
        }
      },
      "description": "行更新条件"
    },
    "Vbdb2RestRowUpdateResource": {
      "properties": {
        "row": {
          "type": "array",
          "description": "セル更新条件",
          "items": {
            "$ref": "#/definitions/Vbdb2RestRowUpdateRows"
          }
        }
      },
      "description": "行更新条件"
    },
    "Vbdb2RestRowUpdateRows": {
      "properties": {
        "column_id": {
          "type": "string",
          "example": "1234",
          "description": "更新列ID"
        },
        "value": {
          "type": "string",
          "example": "sample Text",
          "description": "更新内容"
        }
      },
      "description": "セル更新条件"
    },
    "Vbdb2RestModel": {
      "properties": {
        "model_id": {
          "type": "string",
          "example": "MKRG-E-AC-A31-MP",
          "description": "機種ID"
        },
        "model": {
          "type": "string",
          "example": "MKRG",
          "description": "類別"
        },
        "ef": {
          "type": "string",
          "example": "E",
          "description": "E（エンジン） or F（フレーム）"
        },
        "market": {
          "type": "string",
          "example": "AC",
          "description": "仕向地"
        },
        "derivation": {
          "type": "string",
          "example": "A31",
          "description": "派生"
        },
        "event": {
          "type": "string",
          "example": "MP",
          "description": "イベント"
        },
        "is_in_development": {
          "type": "boolean",
          "example": true,
          "description": "true=開発中, false=開発完了"
        },
        "development_flow_code": {
          "type": "string",
          "example": "DF",
          "description": "開発フローコード"
        },
        "related_model": {
          "type": "array",
          "example": "[1111, 2222]",
          "description": "関連する機種ID"
        }
      },
      "description": "検索結果"
    },
    "Vbdb2RestSearchColumns": {
      "properties": {
        "table_id": {
          "type": "string",
          "example": "1234",
          "description": "テーブルID"
        },
        "table_name": {
          "type": "string",
          "example": "テーブル",
          "description": "テーブル名"
        },
        "column_id": {
          "type": "string",
          "example": "56789",
          "description": "列ID"
        },
        "name1": {
          "type": "string",
          "example": "カラム1",
          "description": "カラム名(グループ)"
        },
        "name2": {
          "type": "string",
          "example": "カラム2",
          "description": "カラム名(グループ(項目))"
        },
        "name3": {
          "type": "string",
          "example": "カラム3",
          "description": "カラム名(グループ(項目))"
        },
        "type": {
          "type": "string",
          "example": "TEXT",
          "description": "スタイル(TEXT:文字列, NUM0:数値/.0, NUM1:数値/.1, NUM2:数値/.2, NUM3:数値/.3, NUM4:数値/.4, NUM5:数値/.5, FILE:ファイル, IMG:画像, YMD1:日付(yyyy/mm/dd), YMD0:日付(dd-mmm-yyyy))"
        },
        "unit": {
          "type": "string",
          "example": "mm",
          "description": "単位"
        },
        "property": {
          "type": "string",
          "example": "他テーブル自動取得",
          "description": "入力種類(LITERAL:手入力, PULLDOWN:他テーブル選択, MODEL_ID:機種ID選択, MODEL_ID_ELEMENT:機種ID要素, FILE:ファイル, IMAGE:イメージ, VLOOKUP:全自動取得, CALC:自動計算, IF:IF, CONCATE:文字連結, GCRUSH:ギヤ圧壊計算, HMAX:行方向Max, HLOOKUP:行方向LOOKUP, LERP:線形補間, MODEL_ID_CONV:機種IDEF変換, DATE:日付, COUNTRY:生産国)"
        },
        "hidden": {
          "type": "boolean",
          "description": "列が非表示"
        }
      },
      "description": "検索結果"
    },
    "Vbdb2RestSearchRows": {
      "properties": {
        "table_id": {
          "type": "string",
          "example": "1234",
          "description": "テーブルID"
        },
        "table_name": {
          "type": "string",
          "example": "テーブル",
          "description": "テーブル名"
        },
        "row_id": {
          "type": "string",
          "example": "5678",
          "description": "行ID"
        },
        "record_key": {
          "type": "string",
          "example": "レコードキー",
          "description": "レコードキー"
        }
      },
      "description": "検索結果"
    }
  }
}
