[
  {
    "children": [
      {
        "children": [
          {
            "children": [
              {
                "children": [],
                "name": "F00_00_01質量_容量",
                "table_id": "692",
                "table_type": "F",
                "type": "T"
              },
              {
                "children": [],
                "name": "F00_00_02完成車寸法",
                "table_id": "693",
                "table_type": "F",
                "type": "T"
              },
              {
                "children": [],
                "name": "F00_00_03灯火器取付寸法",
                "table_id": "694",
                "table_type": "F",
                "type": "T"
              },
              {
                "children": [],
                "name": "F00_00_04電装部品取付関連",
                "table_id": "690",
                "table_type": "F",
                "type": "T"
              },
              {
                "children": [],
                "name": "F00_00_05認定届出_カタログ値",
                "table_id": "4941",
                "table_type": "F",
                "type": "T"
              },
              {
                "children": [],
                "name": "F00_00_06_エミッションシステム系",
                "table_id": "6169",
                "table_type": "F",
                "type": "T"
              },
              {
                "children": [],
                "name": "F00_00_BASE_SPEC",
                "table_id": "691",
                "table_type": "F",
                "type": "T"
              },
              {
                "children": [],
                "name": "test",
                "table_id": "16934",
                "table_type": "F",
                "type": "T"
              }
            ],
            "name": "F00-00",
            "table_id": "689",
            "table_type": "",
            "type": "F"
          }
        ],
        "name": "F00_BASE SPEC",
        "table_id": "688",
        "table_type": "",
        "type": "F"
      },
      {
        "children": [
          {
            "children": [
              {
                "children": [],
                "name": "F01_00_オイルクーラTOP",
                "table_id": "3317",
                "table_type": "F",
                "type": "T"
              }
            ],
            "name": "F01-00",
            "table_id": "3316",
            "table_type": "",
            "type": "F"
          },
          {
            "children": [
              {
                "children": [],
                "name": "F01_01_オイルクーラ",
                "table_id": "2304",
                "table_type": "P",
                "type": "T"
              },
              {
                "children": [],
                "name": "F01_02_オイルホース",
                "table_id": "2305",
                "table_type": "P",
                "type": "T"
              }
            ],
            "name": "F01-ELSE",
            "table_id": "2303",
            "table_type": "",
            "type": "F"
          }
        ],
        "name": "F01_OIL COOLER",
        "table_id": "2302",
        "table_type": "",
        "type": "F"
      },
      {
        "children": [
          {
            "children": [
              {
                "children": [],
                "name": "F02_00_燃料タンクTOP",
                "table_id": "4114",
                "table_type": "F",
                "type": "T"
              }
            ],
            "name": "F02-00",
            "table_id": "4113",
            "table_type": "",
            "type": "F"
          },
          {
            "children": [
              {
                "children": [],
                "name": "F02_01_燃料タンク",
                "table_id": "3332",
                "table_type": "P",
                "type": "T"
              },
              {
                "children": [],
                "name": "F02_02_サブ燃料タンク",
                "table_id": "3331",
                "table_type": "P",
                "type": "T"
              },
              {
                "children": [],
                "name": "F02_03_フューエルセパレータ",
                "table_id": "2344",
                "table_type": "P",
                "type": "T"
              },
              {
                "children": [],
                "name": "F02_04_マウントラバー",
                "table_id": "2351",
                "table_type": "P",
                "type": "T"
              },
              {
                "children": [],
                "name": "F02_05_燃料フィラキャップ",
                "table_id": "3327",
                "table_type": "P",
                "type": "T"
              },
              {
                "children": [],
                "name": "F02_06_燃料フィラキャップSPEC",
                "table_id": "5464",
                "table_type": "P",
                "type": "T"
              },
              {
                "children": [],
                "name": "F02_07_キャップセットボルト",
                "table_id": "2352",
                "table_type": "P",
                "type": "T"
              },
              {
                "children": [],
                "name": "F02_08_プレッシャバルブ",
                "table_id": "2349",
                "table_type": "P",
                "type": "T"
              },
              {
                "children": [],
                "name": "F02_30_フューエルユニット",
                "table_id": "3320",
                "table_type": "P",
                "type": "T"
              },
              {
                "children": [],
                "name": "F02_31_パージバルブ",
                "table_id": "2350",
                "table_type": "P",
                "type": "T"
              },
              {
                "children": [],
                "name": "F02_32_パージバルブSPEC",
                "table_id": "5466",
                "table_type": "P",
                "type": "T"
              },
              {
                "children": [],
                "name": "F02_40_燃料ポンプASSY.",
                "table_id": "3907",
                "table_type": "P",
                "type": "T"
              },
              {
                "children": [],
                "name": "F02_41_燃料ポンプCOMP",
                "table_id": "3322",
                "table_type": "P",
                "type": "T"
              },
              {
                "children": [],
                "name": "F02_42_フューエルフィルタ",
                "table_id": "3323",
                "table_type": "P",
                "type": "T"
              },
              {
                "children": [],
                "name": "F02_43_プレッシャレギュレタ",
                "table_id": "3333",
                "table_type": "P",
                "type": "T"
              },
              {
                "children": [],
                "name": "F02_44_フューエルコック",
                "table_id": "3328",
                "table_type": "P",
                "type": "T"
              },
              {
                "children": [],
                "name": "F02_45_フューエルホース",
                "table_id": "3908",
                "table_type": "P",
                "type": "T"
              },
              {
                "children": [],
                "name": "F02_46_フューエルホースクイックコネクタ",
                "table_id": "3330",
                "table_type": "P",
                "type": "T"
              },
              {
                "children": [],
                "name": "F02_47_フューエルチューブ",
                "table_id": "2347",
                "table_type": "P",
                "type": "T"
              },
              {
                "children": [],
                "name": "F02_50_キャニスタ",
                "table_id": "3326",
                "table_type": "P",
                "type": "T"
              },
              {
                "children": [],
                "name": "F02_52_キャニスタマウントラバー",
                "table_id": "3324",
                "table_type": "P",
                "type": "T"
              },
              {
                "children": [],
                "name": "F02_60_燃料ポンプASSY._SPEC",
                "table_id": "5460",
                "table_type": "P",
                "type": "T"
              },
              {
                "children": [],
                "name": "F02_61_燃料ポンプCOMP_SPEC",
                "table_id": "5461",
                "table_type": "P",
                "type": "T"
              },
              {
                "children": [],
                "name": "F02_63_プレッシャレギュレタSPEC",
                "table_id": "5481",
                "table_type": "P",
                "type": "T"
              },
              {
                "children": [],
                "name": "F02_64_フューエルコックSPEC",
                "table_id": "5462",
                "table_type": "P",
                "type": "T"
              },
              {
                "children": [],
                "name": "F02_65_フューエルホースSPEC",
                "table_id": "5543",
                "table_type": "P",
                "type": "T"
              },
              {
                "children": [],
                "name": "F02_70_キャニスタSPEC",
                "table_id": "3325",
                "table_type": "P",
                "type": "T"
              }
            ],
            "name": "F02-ELSE",
            "table_id": "2343",
            "table_type": "",
            "type": "F"
          }
        ],
        "name": "F02_FUEL TANK",
        "table_id": "2342",
        "table_type": "",
        "type": "F"
      },
      {
        "children": [
          {
            "children": [
              {
                "children": [],
                "name": "F03_00_エアクリーナSEC_TOP",
                "table_id": "4251",
                "table_type": "F",
                "type": "T"
              },
              {
                "children": [],
                "name": "F03_00_ラムエアシステム",
                "table_id": "4675",
                "table_type": "F",
                "type": "T"
              }
            ],
            "name": "F03-00",
            "table_id": "4250",
            "table_type": "",
            "type": "F"
          },
          {
            "children": [
              {
                "children": [],
                "name": "F03_01_エアクリーナASSY.",
                "table_id": "2361",
                "table_type": "P",
                "type": "T"
              },
              {
                "children": [],
                "name": "F03_02_ラムエアダクト",
                "table_id": "2359",
                "table_type": "P",
                "type": "T"
              },
              {
                "children": [],
                "name": "F03_03_ラムエアダクトレゾネータ",
                "table_id": "2360",
                "table_type": "P",
                "type": "T"
              },
              {
                "children": [],
                "name": "F03_04_インテイクダクト",
                "table_id": "3336",
                "table_type": "P",
                "type": "T"
              },
              {
                "children": [],
                "name": "F03_05_インテイクダクトレゾネータ",
                "table_id": "2363",
                "table_type": "P",
                "type": "T"
              },
              {
                "children": [],
                "name": "F03_06_エアクリーナカバー、リッド",
                "table_id": "2364",
                "table_type": "P",
                "type": "T"
              },
              {
                "children": [],
                "name": "F03_07_エアクリーナカバーレゾネータ",
                "table_id": "2365",
                "table_type": "P",
                "type": "T"
              },
              {
                "children": [],
                "name": "F03_08_フィルタエレメント",
                "table_id": "4244",
                "table_type": "P",
                "type": "T"
              },
              {
                "children": [],
                "name": "F03_09_エアクリーナケース",
                "table_id": "2367",
                "table_type": "P",
                "type": "T"
              },
              {
                "children": [],
                "name": "F03_10_エアクリーナケースレゾネータ",
                "table_id": "2368",
                "table_type": "P",
                "type": "T"
              },
              {
                "children": [],
                "name": "F03_11_エアファンネル",
                "table_id": "4245",
                "table_type": "P",
                "type": "T"
              },
              {
                "children": [],
                "name": "F03_12_コネクティングチューブ",
                "table_id": "4246",
                "table_type": "P",
                "type": "T"
              },
              {
                "children": [],
                "name": "F03_13_コネクティングチューブレゾネータ",
                "table_id": "2372",
                "table_type": "P",
                "type": "T"
              },
              {
                "children": [],
                "name": "F03_14_エンジンブリーザチューブ",
                "table_id": "4674",
                "table_type": "P",
                "type": "T"
              },
              {
                "children": [],
                "name": "F03_15_ブリーザ室",
                "table_id": "2373",
                "table_type": "P",
                "type": "T"
              },
              {
                "children": [],
                "name": "F03_16_ブリーザ関連部品(ジョイント)",
                "table_id": "2374",
                "table_type": "P",
                "type": "T"
              },
              {
                "children": [],
                "name": "F03_17_クリンサイドドレン",
                "table_id": "2375",
                "table_type": "P",
                "type": "T"
              },
              {
                "children": [],
                "name": "F03_18_ダストサイドドレン(1WAY)",
                "table_id": "2376",
                "table_type": "P",
                "type": "T"
              },
              {
                "children": [],
                "name": "F03_19_ASV以外のAI部品(AICV)",
                "table_id": "2377",
                "table_type": "P",
                "type": "T"
              },
              {
                "children": [],
                "name": "F03_20_ASV(AIR SUCTION VALVE)",
                "table_id": "2378",
                "table_type": "P",
                "type": "T"
              },
              {
                "children": [],
                "name": "F03_21_ブリーザチューブプラグ",
                "table_id": "7633",
                "table_type": "P",
                "type": "T"
              },
              {
                "children": [],
                "name": "F03_22_エアクリーナシールラバー",
                "table_id": "17694",
                "table_type": "P",
                "type": "T"
              },
              {
                "children": [],
                "name": "F03_30_吸気温センサ",
                "table_id": "4785",
                "table_type": "P",
                "type": "T"
              },
              {
                "children": [],
                "name": "F03_31_ASV以外のAI部品(AISV)",
                "table_id": "4784",
                "table_type": "P",
                "type": "T"
              },
              {
                "children": [],
                "name": "F03_32_吸気圧力センサ",
                "table_id": "4921",
                "table_type": "P",
                "type": "T"
              },
              {
                "children": [],
                "name": "F03_33_吸気流量センサ",
                "table_id": "5198",
                "table_type": "P",
                "type": "T"
              },
              {
                "children": [],
                "name": "F03_34_SPEC(AICV_ASV)",
                "table_id": "2380",
                "table_type": "P",
                "type": "T"
              },
              {
                "children": [],
                "name": "F03_40_SPEC(ASSY.)",
                "table_id": "2369",
                "table_type": "P",
                "type": "T"
              },
              {
                "children": [],
                "name": "F03_42_SPEC(CONN_TUBE材料)",
                "table_id": "2379",
                "table_type": "P",
                "type": "T"
              },
              {
                "children": [],
                "name": "F03_90_エアクリーナコネクティングチューブバンド(二輪)(HES_B102)",
                "table_id": "2381",
                "table_type": "P",
                "type": "T"
              }
            ],
            "name": "F03-ELSE",
            "table_id": "2358",
            "table_type": "",
            "type": "F"
          }
        ],
        "name": "F03_AIR CLEANER",
        "table_id": "2357",
        "table_type": "",
        "type": "F"
      },
      {
        "children": [
          {
            "children": [
              {
                "children": [],
                "name": "F04_00_コントロールケーブルTOP",
                "table_id": "3341",
                "table_type": "F",
                "type": "T"
              }
            ],
            "name": "F04-00",
            "table_id": "3340",
            "table_type": "",
            "type": "F"
          },
          {
            "children": [
              {
                "children": [],
                "name": "F04_01_スロットルケーブル",
                "table_id": "2387",
                "table_type": "P",
                "type": "T"
              },
              {
                "children": [],
                "name": "F04_02_クラッチケーブル",
                "table_id": "2388",
                "table_type": "P",
                "type": "T"
              },
              {
                "children": [],
                "name": "F04_03_スピードメータケーブル",
                "table_id": "2389",
                "table_type": "P",
                "type": "T"
              },
              {
                "children": [],
                "name": "F04_04_チョークケーブル",
                "table_id": "2390",
                "table_type": "P",
                "type": "T"
              },
              {
                "children": [],
                "name": "F04_05_デフロックケーブル",
                "table_id": "2391",
                "table_type": "P",
                "type": "T"
              },
              {
                "children": [],
                "name": "F04_21_その他ケーブル",
                "table_id": "2392",
                "table_type": "P",
                "type": "T"
              }
            ],
            "name": "F04-ELSE",
            "table_id": "2386",
            "table_type": "",
            "type": "F"
          }
        ],
        "name": "F04_CONTROL CABLE",
        "table_id": "2385",
        "table_type": "",
        "type": "F"
      },
      {
        "children": [
          {
            "children": [
              {
                "children": [],
                "name": "F05_00_01_排気系基本仕様･諸元",
                "table_id": "4190",
                "table_type": "F",
                "type": "T"
              },
              {
                "children": [],
                "name": "F05_00_02_触媒仕様",
                "table_id": "5293",
                "table_type": "F",
                "type": "T"
              }
            ],
            "name": "F05-00",
            "table_id": "4189",
            "table_type": "",
            "type": "F"
          },
          {
            "children": [
              {
                "children": [],
                "name": "F05_01_エキゾーストパイプ",
                "table_id": "4122",
                "table_type": "P",
                "type": "T"
              },
              {
                "children": [],
                "name": "F05_02_マフラ",
                "table_id": "4123",
                "table_type": "P",
                "type": "T"
              },
              {
                "children": [],
                "name": "F05_03_キャタリスト",
                "table_id": "3918",
                "table_type": "P",
                "type": "T"
              },
              {
                "children": [],
                "name": "F05_04_担体",
                "table_id": "3347",
                "table_type": "P",
                "type": "T"
              },
              {
                "children": [],
                "name": "F05_05_担持SPEC",
                "table_id": "2410",
                "table_type": "P",
                "type": "T"
              },
              {
                "children": [],
                "name": "F05_08_プロテクタ、カバー類",
                "table_id": "2413",
                "table_type": "P",
                "type": "T"
              },
              {
                "children": [],
                "name": "F05_09_可変バルブ",
                "table_id": "2414",
                "table_type": "P",
                "type": "T"
              },
              {
                "children": [],
                "name": "F05_10_スパークアレスタ",
                "table_id": "2415",
                "table_type": "P",
                "type": "T"
              },
              {
                "children": [],
                "name": "F05_11_リードバルブ",
                "table_id": "5041",
                "table_type": "P",
                "type": "T"
              },
              {
                "children": [],
                "name": "F05_12_マフラパッキン",
                "table_id": "5240",
                "table_type": "P",
                "type": "T"
              },
              {
                "children": [],
                "name": "F05_30_O2センサ",
                "table_id": "2411",
                "table_type": "P",
                "type": "T"
              },
              {
                "children": [],
                "name": "F05_31_LAFセンサ",
                "table_id": "2412",
                "table_type": "P",
                "type": "T"
              },
              {
                "children": [],
                "name": "F05_35_O2センサSPEC",
                "table_id": "5486",
                "table_type": "P",
                "type": "T"
              },
              {
                "children": [],
                "name": "F05_99_担体SPEC",
                "table_id": "2416",
                "table_type": "P",
                "type": "T"
              }
            ],
            "name": "F05-ELSE",
            "table_id": "2409",
            "table_type": "",
            "type": "F"
          }
        ],
        "name": "F05_MUFFLER",
        "table_id": "2408",
        "table_type": "",
        "type": "F"
      },
      {
        "children": [
          {
            "children": [
              {
                "children": [],
                "name": "F06_00_ラジエータTOP",
                "table_id": "3349",
                "table_type": "F",
                "type": "T"
              }
            ],
            "name": "F06-00",
            "table_id": "3348",
            "table_type": "",
            "type": "F"
          },
          {
            "children": [
              {
                "children": [],
                "name": "F06_01_ラジエータASSY.",
                "table_id": "2422",
                "table_type": "P",
                "type": "T"
              },
              {
                "children": [],
                "name": "F06_02_リザーブタンク",
                "table_id": "2423",
                "table_type": "P",
                "type": "T"
              },
              {
                "children": [],
                "name": "F06_31_ファンモータ",
                "table_id": "2424",
                "table_type": "P",
                "type": "T"
              }
            ],
            "name": "F06-ELSE",
            "table_id": "2421",
            "table_type": "",
            "type": "F"
          }
        ],
        "name": "F06_RADIATOR",
        "table_id": "2420",
        "table_type": "",
        "type": "F"
      },
      {
        "children": [
          {
            "children": [
              {
                "children": [],
                "name": "F07_00_チェンジペダルTOP",
                "table_id": "3351",
                "table_type": "F",
                "type": "T"
              }
            ],
            "name": "F07-00",
            "table_id": "3350",
            "table_type": "",
            "type": "F"
          },
          {
            "children": [
              {
                "children": [],
                "name": "F07_01_チェンジペダル",
                "table_id": "2430",
                "table_type": "P",
                "type": "T"
              },
              {
                "children": [],
                "name": "F07_02_チェンジアーム",
                "table_id": "2431",
                "table_type": "P",
                "type": "T"
              },
              {
                "children": [],
                "name": "F07_03_チェンジバー",
                "table_id": "2432",
                "table_type": "P",
                "type": "T"
              },
              {
                "children": [],
                "name": "F07_04_ピロボール",
                "table_id": "2433",
                "table_type": "P",
                "type": "T"
              },
              {
                "children": [],
                "name": "F07_05_踏面ラバー",
                "table_id": "2434",
                "table_type": "P",
                "type": "T"
              },
              {
                "children": [],
                "name": "F07_10_キックアーム",
                "table_id": "2435",
                "table_type": "P",
                "type": "T"
              },
              {
                "children": [],
                "name": "F07_11_キックアームジョイント",
                "table_id": "2436",
                "table_type": "P",
                "type": "T"
              }
            ],
            "name": "F07-ELSE",
            "table_id": "2429",
            "table_type": "",
            "type": "F"
          }
        ],
        "name": "F07_PEDAL",
        "table_id": "2428",
        "table_type": "",
        "type": "F"
      },
      {
        "children": [
          {
            "children": [
              {
                "children": [],
                "name": "F08_00_チェーンケース_スタンドTOP",
                "table_id": "3353",
                "table_type": "F",
                "type": "T"
              }
            ],
            "name": "F08-00",
            "table_id": "3352",
            "table_type": "",
            "type": "F"
          },
          {
            "children": [
              {
                "children": [],
                "name": "F08_01_チェーンカバー",
                "table_id": "2442",
                "table_type": "P",
                "type": "T"
              },
              {
                "children": [],
                "name": "F08_02_メインスタンド",
                "table_id": "2443",
                "table_type": "P",
                "type": "T"
              },
              {
                "children": [],
                "name": "F08_03_サイドスタンド",
                "table_id": "2444",
                "table_type": "P",
                "type": "T"
              },
              {
                "children": [],
                "name": "F08_30_オートスタンド",
                "table_id": "2445",
                "table_type": "P",
                "type": "T"
              },
              {
                "children": [],
                "name": "F08_31_サイドスタンドSW",
                "table_id": "2446",
                "table_type": "P",
                "type": "T"
              }
            ],
            "name": "F08-ELSE",
            "table_id": "2441",
            "table_type": "",
            "type": "F"
          }
        ],
        "name": "F08_CHAIN CASE & STAND",
        "table_id": "2440",
        "table_type": "",
        "type": "F"
      },
      {
        "children": [
          {
            "children": [
              {
                "children": [],
                "name": "F10_00_フレームTOP",
                "table_id": "3355",
                "table_type": "F",
                "type": "T"
              }
            ],
            "name": "F10-00",
            "table_id": "3354",
            "table_type": "",
            "type": "F"
          },
          {
            "children": [
              {
                "children": [],
                "name": "F10_01_フレームボデー",
                "table_id": "2452",
                "table_type": "P",
                "type": "T"
              },
              {
                "children": [],
                "name": "F10_02_エンジンマウントラバー",
                "table_id": "2453",
                "table_type": "P",
                "type": "T"
              },
              {
                "children": [],
                "name": "F10_03_モノ_オレオリンク",
                "table_id": "2454",
                "table_type": "P",
                "type": "T"
              },
              {
                "children": [],
                "name": "F10_04_オレオリンク(中間軸)",
                "table_id": "2455",
                "table_type": "P",
                "type": "T"
              },
              {
                "children": [],
                "name": "F10_05_スキッドプレート",
                "table_id": "2456",
                "table_type": "P",
                "type": "T"
              }
            ],
            "name": "F10-ELSE",
            "table_id": "2451",
            "table_type": "",
            "type": "F"
          }
        ],
        "name": "F10_FRAME BODY",
        "table_id": "2450",
        "table_type": "",
        "type": "F"
      },
      {
        "children": [
          {
            "children": [
              {
                "children": [],
                "name": "F11_00_ステップTOP",
                "table_id": "3357",
                "table_type": "F",
                "type": "T"
              }
            ],
            "name": "F11-00",
            "table_id": "3356",
            "table_type": "",
            "type": "F"
          },
          {
            "children": [
              {
                "children": [],
                "name": "F11_01_ステップブラケット",
                "table_id": "2462",
                "table_type": "P",
                "type": "T"
              },
              {
                "children": [],
                "name": "F11_02_ステップバー",
                "table_id": "2463",
                "table_type": "P",
                "type": "T"
              },
              {
                "children": [],
                "name": "F11_03_ステップラバー",
                "table_id": "2464",
                "table_type": "P",
                "type": "T"
              }
            ],
            "name": "F11-ELSE",
            "table_id": "2461",
            "table_type": "",
            "type": "F"
          }
        ],
        "name": "F11_STEP",
        "table_id": "2460",
        "table_type": "",
        "type": "F"
      },
      {
        "children": [
          {
            "children": [
              {
                "children": [],
                "name": "F13_00_ハンドルTOP",
                "table_id": "3359",
                "table_type": "F",
                "type": "T"
              }
            ],
            "name": "F13-00",
            "table_id": "3358",
            "table_type": "",
            "type": "F"
          },
          {
            "children": [
              {
                "children": [],
                "name": "F13_01_スロットルグリップ",
                "table_id": "2470",
                "table_type": "P",
                "type": "T"
              },
              {
                "children": [],
                "name": "F13_02_マウントラバー",
                "table_id": "2471",
                "table_type": "P",
                "type": "T"
              },
              {
                "children": [],
                "name": "F13_03_ハンドルウエイト",
                "table_id": "2472",
                "table_type": "P",
                "type": "T"
              },
              {
                "children": [],
                "name": "F13_04_ダンパラバー",
                "table_id": "2473",
                "table_type": "P",
                "type": "T"
              },
              {
                "children": [],
                "name": "F13_05_ハンドルパイプ",
                "table_id": "2474",
                "table_type": "P",
                "type": "T"
              },
              {
                "children": [],
                "name": "F13_06_クラッチレバー",
                "table_id": "2475",
                "table_type": "P",
                "type": "T"
              }
            ],
            "name": "F13-ELSE",
            "table_id": "2469",
            "table_type": "",
            "type": "F"
          }
        ],
        "name": "F13_HNDL. & HNDL. COVER",
        "table_id": "2468",
        "table_type": "",
        "type": "F"
      },
      {
        "children": [
          {
            "children": [
              {
                "children": [],
                "name": "F15_00_FRフェンダTOP",
                "table_id": "3361",
                "table_type": "F",
                "type": "T"
              }
            ],
            "name": "F15-00",
            "table_id": "3360",
            "table_type": "",
            "type": "F"
          },
          {
            "children": [
              {
                "children": [],
                "name": "F15_01_FRフェンダ",
                "table_id": "2481",
                "table_type": "P",
                "type": "T"
              }
            ],
            "name": "F15-ELSE",
            "table_id": "2480",
            "table_type": "",
            "type": "F"
          }
        ],
        "name": "F15_FR FENDER",
        "table_id": "2479",
        "table_type": "",
        "type": "F"
      },
      {
        "children": [
          {
            "children": [
              {
                "children": [],
                "name": "F17_00_フェアリングTOP",
                "table_id": "3363",
                "table_type": "F",
                "type": "T"
              }
            ],
            "name": "F17-00",
            "table_id": "3362",
            "table_type": "",
            "type": "F"
          },
          {
            "children": [
              {
                "children": [],
                "name": "F17_01_フェアリング",
                "table_id": "2487",
                "table_type": "P",
                "type": "T"
              },
              {
                "children": [],
                "name": "F17_02_スクリーン",
                "table_id": "2488",
                "table_type": "P",
                "type": "T"
              },
              {
                "children": [],
                "name": "F17_03_ワイパ",
                "table_id": "2489",
                "table_type": "P",
                "type": "T"
              }
            ],
            "name": "F17-ELSE",
            "table_id": "2486",
            "table_type": "",
            "type": "F"
          }
        ],
        "name": "F17_FAIRING",
        "table_id": "2485",
        "table_type": "",
        "type": "F"
      },
      {
        "children": [
          {
            "children": [
              {
                "children": [],
                "name": "F19_00_シートTOP",
                "table_id": "3920",
                "table_type": "F",
                "type": "T"
              }
            ],
            "name": "F19-00",
            "table_id": "3919",
            "table_type": "",
            "type": "F"
          },
          {
            "children": [
              {
                "children": [],
                "name": "F19_01_シート",
                "table_id": "3366",
                "table_type": "P",
                "type": "T"
              },
              {
                "children": [],
                "name": "F19_02_クッションラバー",
                "table_id": "2498",
                "table_type": "P",
                "type": "T"
              },
              {
                "children": [],
                "name": "F19_03_バックレスト",
                "table_id": "2499",
                "table_type": "P",
                "type": "T"
              }
            ],
            "name": "F19-ELSE",
            "table_id": "2497",
            "table_type": "",
            "type": "F"
          }
        ],
        "name": "F19_SEAT",
        "table_id": "2496",
        "table_type": "",
        "type": "F"
      },
      {
        "children": [
          {
            "children": [
              {
                "children": [],
                "name": "F20_00_サイドグリップTOP",
                "table_id": "3368",
                "table_type": "F",
                "type": "T"
              }
            ],
            "name": "F20-00",
            "table_id": "3367",
            "table_type": "",
            "type": "F"
          },
          {
            "children": [
              {
                "children": [],
                "name": "F20_01_グラブレール",
                "table_id": "2505",
                "table_type": "P",
                "type": "T"
              },
              {
                "children": [],
                "name": "F20_02_マウントラバー",
                "table_id": "2506",
                "table_type": "P",
                "type": "T"
              }
            ],
            "name": "F20-ELSE",
            "table_id": "2504",
            "table_type": "",
            "type": "F"
          }
        ],
        "name": "F20_SIDE GRIP",
        "table_id": "2503",
        "table_type": "",
        "type": "F"
      },
      {
        "children": [
          {
            "children": [
              {
                "children": [],
                "name": "F22_00_キャリアTOP",
                "table_id": "5322",
                "table_type": "F",
                "type": "T"
              }
            ],
            "name": "F22-00",
            "table_id": "5320",
            "table_type": "",
            "type": "F"
          },
          {
            "children": [
              {
                "children": [],
                "name": "F22_01_フロントキャリア",
                "table_id": "5323",
                "table_type": "P",
                "type": "T"
              },
              {
                "children": [],
                "name": "F22_02_リアキャリア",
                "table_id": "5324",
                "table_type": "P",
                "type": "T"
              }
            ],
            "name": "F22-ELSE",
            "table_id": "5321",
            "table_type": "",
            "type": "F"
          }
        ],
        "name": "F22_CARRIER",
        "table_id": "5319",
        "table_type": "",
        "type": "F"
      },
      {
        "children": [
          {
            "children": [
              {
                "children": [],
                "name": "F25_00_ツールTOP",
                "table_id": "3370",
                "table_type": "F",
                "type": "T"
              }
            ],
            "name": "F25-00",
            "table_id": "3369",
            "table_type": "",
            "type": "F"
          },
          {
            "children": [
              {
                "children": [],
                "name": "F25_01_車載工具",
                "table_id": "2512",
                "table_type": "P",
                "type": "T"
              }
            ],
            "name": "F25-ELSE",
            "table_id": "2511",
            "table_type": "",
            "type": "F"
          }
        ],
        "name": "F25_TOOL & OM BAG",
        "table_id": "2510",
        "table_type": "",
        "type": "F"
      },
      {
        "children": [
          {
            "children": [],
            "name": "F28-00",
            "table_id": "4306",
            "table_type": "",
            "type": "F"
          },
          {
            "children": [],
            "name": "F28-ELSE",
            "table_id": "4307",
            "table_type": "",
            "type": "F"
          }
        ],
        "name": "F28_LABEL & MARK",
        "table_id": "4305",
        "table_type": "",
        "type": "F"
      },
      {
        "children": [
          {
            "children": [
              {
                "children": [],
                "name": "F29_00_バックミラーTOP",
                "table_id": "3372",
                "table_type": "F",
                "type": "T"
              }
            ],
            "name": "F29-00",
            "table_id": "3371",
            "table_type": "",
            "type": "F"
          },
          {
            "children": [
              {
                "children": [],
                "name": "F29_01_バックミラー",
                "table_id": "2518",
                "table_type": "P",
                "type": "T"
              }
            ],
            "name": "F29-ELSE",
            "table_id": "2517",
            "table_type": "",
            "type": "F"
          }
        ],
        "name": "F29_BACK MIRROR",
        "table_id": "2516",
        "table_type": "",
        "type": "F"
      },
      {
        "children": [
          {
            "children": [
              {
                "children": [],
                "name": "F30_00_電装SEC.TOP",
                "table_id": "3374",
                "table_type": "F",
                "type": "T"
              }
            ],
            "name": "F30-00",
            "table_id": "3373",
            "table_type": "",
            "type": "F"
          },
          {
            "children": [
              {
                "children": [],
                "name": "F30_01_ETC",
                "table_id": "2524",
                "table_type": "P",
                "type": "T"
              },
              {
                "children": [],
                "name": "F30_02_HFT",
                "table_id": "2525",
                "table_type": "P",
                "type": "T"
              },
              {
                "children": [],
                "name": "F30_03_IGNコイル",
                "table_id": "2526",
                "table_type": "P",
                "type": "T"
              },
              {
                "children": [],
                "name": "F30_04_アラームイモビライザ",
                "table_id": "2527",
                "table_type": "P",
                "type": "T"
              },
              {
                "children": [],
                "name": "F30_05_スタータケーブル",
                "table_id": "2528",
                "table_type": "P",
                "type": "T"
              },
              {
                "children": [],
                "name": "F30_07_ハーネス",
                "table_id": "2529",
                "table_type": "P",
                "type": "T"
              },
              {
                "children": [],
                "name": "F30_08_ハイテンションコード",
                "table_id": "2530",
                "table_type": "P",
                "type": "T"
              },
              {
                "children": [],
                "name": "F30_09_点火ユニット",
                "table_id": "2531",
                "table_type": "P",
                "type": "T"
              },
              {
                "children": [],
                "name": "F30_10_ヒューズ",
                "table_id": "2532",
                "table_type": "P",
                "type": "T"
              },
              {
                "children": [],
                "name": "F30_11_プラグキャップ",
                "table_id": "2533",
                "table_type": "P",
                "type": "T"
              },
              {
                "children": [],
                "name": "F30_12_レギュレータ",
                "table_id": "2534",
                "table_type": "P",
                "type": "T"
              },
              {
                "children": [],
                "name": "F30_13_追跡アラーム",
                "table_id": "2535",
                "table_type": "P",
                "type": "T"
              }
            ],
            "name": "F30-ELSE",
            "table_id": "2523",
            "table_type": "",
            "type": "F"
          }
        ],
        "name": "F30_ELEC",
        "table_id": "2522",
        "table_type": "",
        "type": "F"
      },
      {
        "children": [
          {
            "children": [
              {
                "children": [],
                "name": "F31_00_電装SEC.TOP",
                "table_id": "3376",
                "table_type": "F",
                "type": "T"
              }
            ],
            "name": "F31-00",
            "table_id": "3375",
            "table_type": "",
            "type": "F"
          },
          {
            "children": [
              {
                "children": [],
                "name": "F31_01_バッテリ",
                "table_id": "2541",
                "table_type": "P",
                "type": "T"
              },
              {
                "children": [],
                "name": "F31_02_バッテリラベル",
                "table_id": "13116",
                "table_type": "P",
                "type": "T"
              }
            ],
            "name": "F31-ELSE",
            "table_id": "2540",
            "table_type": "",
            "type": "F"
          }
        ],
        "name": "F31_BATTERY",
        "table_id": "2539",
        "table_type": "",
        "type": "F"
      },
      {
        "children": [
          {
            "children": [
              {
                "children": [],
                "name": "F32_00_電装SEC.TOP",
                "table_id": "3378",
                "table_type": "F",
                "type": "T"
              }
            ],
            "name": "F32-00",
            "table_id": "3377",
            "table_type": "",
            "type": "F"
          },
          {
            "children": [
              {
                "children": [],
                "name": "F32_01_ヘッドライト",
                "table_id": "2547",
                "table_type": "P",
                "type": "T"
              }
            ],
            "name": "F32-ELSE",
            "table_id": "2546",
            "table_type": "",
            "type": "F"
          }
        ],
        "name": "F32_HEAD LIGHT",
        "table_id": "2545",
        "table_type": "",
        "type": "F"
      },
      {
        "children": [
          {
            "children": [
              {
                "children": [],
                "name": "F33_00_電装SEC.TOP",
                "table_id": "3380",
                "table_type": "F",
                "type": "T"
              }
            ],
            "name": "F33-00",
            "table_id": "3379",
            "table_type": "",
            "type": "F"
          },
          {
            "children": [
              {
                "children": [],
                "name": "F33_01_ウインカFR",
                "table_id": "2553",
                "table_type": "P",
                "type": "T"
              },
              {
                "children": [],
                "name": "F33_02_リフレクタ",
                "table_id": "2554",
                "table_type": "P",
                "type": "T"
              }
            ],
            "name": "F33-ELSE",
            "table_id": "2552",
            "table_type": "",
            "type": "F"
          }
        ],
        "name": "F33_FR. WINKER & FR. R_REFL",
        "table_id": "2551",
        "table_type": "",
        "type": "F"
      },
      {
        "children": [
          {
            "children": [
              {
                "children": [],
                "name": "F34_00_電装SEC.TOP",
                "table_id": "3382",
                "table_type": "F",
                "type": "T"
              }
            ],
            "name": "F34-00",
            "table_id": "3381",
            "table_type": "",
            "type": "F"
          },
          {
            "children": [
              {
                "children": [],
                "name": "F34_01_テールランプ",
                "table_id": "2560",
                "table_type": "P",
                "type": "T"
              },
              {
                "children": [],
                "name": "F34_02_ストップランプ",
                "table_id": "2561",
                "table_type": "P",
                "type": "T"
              },
              {
                "children": [],
                "name": "F34_03_ライセンスランプ",
                "table_id": "2562",
                "table_type": "P",
                "type": "T"
              }
            ],
            "name": "F34-ELSE",
            "table_id": "2559",
            "table_type": "",
            "type": "F"
          }
        ],
        "name": "F34_TAIL LIGHT",
        "table_id": "2558",
        "table_type": "",
        "type": "F"
      },
      {
        "children": [
          {
            "children": [
              {
                "children": [],
                "name": "F35_00_電装SEC.TOP",
                "table_id": "3384",
                "table_type": "F",
                "type": "T"
              }
            ],
            "name": "F35-00",
            "table_id": "3383",
            "table_type": "",
            "type": "F"
          },
          {
            "children": [
              {
                "children": [],
                "name": "F35_01_ウインカRR",
                "table_id": "2568",
                "table_type": "P",
                "type": "T"
              }
            ],
            "name": "F35-ELSE",
            "table_id": "2567",
            "table_type": "",
            "type": "F"
          }
        ],
        "name": "F35_RR WINKER",
        "table_id": "2566",
        "table_type": "",
        "type": "F"
      },
      {
        "children": [
          {
            "children": [
              {
                "children": [],
                "name": "F36_00_電装SEC.TOP",
                "table_id": "3386",
                "table_type": "F",
                "type": "T"
              }
            ],
            "name": "F36-00",
            "table_id": "3385",
            "table_type": "",
            "type": "F"
          },
          {
            "children": [
              {
                "children": [],
                "name": "F36_01_アラーム",
                "table_id": "2574",
                "table_type": "P",
                "type": "T"
              },
              {
                "children": [],
                "name": "F36_02_ウインカリレー",
                "table_id": "2575",
                "table_type": "P",
                "type": "T"
              },
              {
                "children": [],
                "name": "F36_03_オイルレベルSW",
                "table_id": "2576",
                "table_type": "P",
                "type": "T"
              },
              {
                "children": [],
                "name": "F36_04_オーディブルパイロット",
                "table_id": "2577",
                "table_type": "P",
                "type": "T"
              },
              {
                "children": [],
                "name": "F36_05_オートスタンドリレー",
                "table_id": "2578",
                "table_type": "P",
                "type": "T"
              },
              {
                "children": [],
                "name": "F36_06_コンビSW",
                "table_id": "2579",
                "table_type": "P",
                "type": "T"
              },
              {
                "children": [],
                "name": "F36_07_サーモSW",
                "table_id": "2580",
                "table_type": "P",
                "type": "T"
              },
              {
                "children": [],
                "name": "F36_08_スタータマグネチックSW",
                "table_id": "2581",
                "table_type": "P",
                "type": "T"
              },
              {
                "children": [],
                "name": "F36_09_ハンドルSW",
                "table_id": "2582",
                "table_type": "P",
                "type": "T"
              },
              {
                "children": [],
                "name": "F36_10_ヘッドライトリレー",
                "table_id": "2583",
                "table_type": "P",
                "type": "T"
              },
              {
                "children": [],
                "name": "F36_11_メインリレー",
                "table_id": "2584",
                "table_type": "P",
                "type": "T"
              },
              {
                "children": [],
                "name": "F36_12_ストップSW",
                "table_id": "2585",
                "table_type": "P",
                "type": "T"
              },
              {
                "children": [],
                "name": "F36_13_キーナンバリスト",
                "table_id": "5463",
                "table_type": "P",
                "type": "T"
              }
            ],
            "name": "F36-ELSE",
            "table_id": "2573",
            "table_type": "",
            "type": "F"
          }
        ],
        "name": "F36_SW & RELAY",
        "table_id": "2572",
        "table_type": "",
        "type": "F"
      },
      {
        "children": [
          {
            "children": [
              {
                "children": [],
                "name": "F37_00_電装SEC.TOP",
                "table_id": "3388",
                "table_type": "F",
                "type": "T"
              }
            ],
            "name": "F37-00",
            "table_id": "3387",
            "table_type": "",
            "type": "F"
          },
          {
            "children": [
              {
                "children": [],
                "name": "F37_01_メータ",
                "table_id": "2591",
                "table_type": "P",
                "type": "T"
              },
              {
                "children": [],
                "name": "F37_02_インジケータ",
                "table_id": "2592",
                "table_type": "P",
                "type": "T"
              }
            ],
            "name": "F37-ELSE",
            "table_id": "2590",
            "table_type": "",
            "type": "F"
          }
        ],
        "name": "F37_METER",
        "table_id": "2589",
        "table_type": "",
        "type": "F"
      },
      {
        "children": [
          {
            "children": [
              {
                "children": [],
                "name": "F38_00_電装SEC.TOP",
                "table_id": "3390",
                "table_type": "F",
                "type": "T"
              }
            ],
            "name": "F38-00",
            "table_id": "3389",
            "table_type": "",
            "type": "F"
          },
          {
            "children": [
              {
                "children": [],
                "name": "F38_01_ホーン",
                "table_id": "2598",
                "table_type": "P",
                "type": "T"
              }
            ],
            "name": "F38-ELSE",
            "table_id": "2597",
            "table_type": "",
            "type": "F"
          }
        ],
        "name": "F38_HORN",
        "table_id": "2596",
        "table_type": "",
        "type": "F"
      },
      {
        "children": [
          {
            "children": [
              {
                "children": [],
                "name": "F39_00_電装SEC.TOP",
                "table_id": "3392",
                "table_type": "F",
                "type": "T"
              }
            ],
            "name": "F39-00",
            "table_id": "3391",
            "table_type": "",
            "type": "F"
          },
          {
            "children": [
              {
                "children": [],
                "name": "F39_01_クラッチSW",
                "table_id": "2604",
                "table_type": "P",
                "type": "T"
              }
            ],
            "name": "F39-ELSE",
            "table_id": "2603",
            "table_type": "",
            "type": "F"
          }
        ],
        "name": "F39_CLUTCH MASTER CYLINDER",
        "table_id": "2602",
        "table_type": "",
        "type": "F"
      },
      {
        "children": [
          {
            "children": [
              {
                "children": [],
                "name": "F40_00_01ドライブチェーン-SPEC",
                "table_id": "3922",
                "table_type": "F",
                "type": "T"
              },
              {
                "children": [],
                "name": "F40_00_02ドライブシャフト-SPEC",
                "table_id": "3923",
                "table_type": "F",
                "type": "T"
              }
            ],
            "name": "F40-00",
            "table_id": "3921",
            "table_type": "",
            "type": "F"
          },
          {
            "children": [
              {
                "children": [],
                "name": "F40_10_ドライブチェーン",
                "table_id": "2613",
                "table_type": "P",
                "type": "T"
              },
              {
                "children": [],
                "name": "F40_20_チェーンアジャスタ",
                "table_id": "2614",
                "table_type": "P",
                "type": "T"
              },
              {
                "children": [],
                "name": "F40_30_チェーンガイド",
                "table_id": "2615",
                "table_type": "P",
                "type": "T"
              },
              {
                "children": [],
                "name": "F40_40_チェーンスライダ",
                "table_id": "2616",
                "table_type": "P",
                "type": "T"
              },
              {
                "children": [],
                "name": "F40_50_ドライブシャフト",
                "table_id": "2617",
                "table_type": "P",
                "type": "T"
              },
              {
                "children": [],
                "name": "F40_60_ヨークジョイント",
                "table_id": "2619",
                "table_type": "P",
                "type": "T"
              }
            ],
            "name": "F40-ELSE",
            "table_id": "2612",
            "table_type": "",
            "type": "F"
          }
        ],
        "name": "F40_DRIVE CHAIN & DRIVE SHAFT",
        "table_id": "2611",
        "table_type": "",
        "type": "F"
      },
      {
        "children": [
          {
            "children": [
              {
                "children": [],
                "name": "F41_00_ファイナルギヤ系",
                "table_id": "3925",
                "table_type": "F",
                "type": "T"
              }
            ],
            "name": "F41-00",
            "table_id": "3924",
            "table_type": "",
            "type": "F"
          },
          {
            "children": [
              {
                "children": [],
                "name": "F41_10_ファイナルギヤASSY.",
                "table_id": "3399",
                "table_type": "P",
                "type": "T"
              },
              {
                "children": [],
                "name": "F41_20_ドリブンスプロケット",
                "table_id": "2628",
                "table_type": "P",
                "type": "T"
              },
              {
                "children": [],
                "name": "F41_42_ピニオンギヤ",
                "table_id": "2629",
                "table_type": "P",
                "type": "T"
              },
              {
                "children": [],
                "name": "F41_43_リングギヤ",
                "table_id": "2630",
                "table_type": "P",
                "type": "T"
              }
            ],
            "name": "F41-ELSE",
            "table_id": "2627",
            "table_type": "",
            "type": "F"
          }
        ],
        "name": "F41_FINAL DRIVEN GEAR",
        "table_id": "2626",
        "table_type": "",
        "type": "F"
      },
      {
        "children": [
          {
            "children": [
              {
                "children": [],
                "name": "F42_00_ホイールASSY.RR",
                "table_id": "3927",
                "table_type": "F",
                "type": "T"
              }
            ],
            "name": "F42-00",
            "table_id": "3926",
            "table_type": "",
            "type": "F"
          },
          {
            "children": [
              {
                "children": [],
                "name": "F42_01_キャストホイールRR",
                "table_id": "3402",
                "table_type": "P",
                "type": "T"
              },
              {
                "children": [],
                "name": "F42_02_スポークホイールRR",
                "table_id": "3403",
                "table_type": "P",
                "type": "T"
              },
              {
                "children": [],
                "name": "F42_100_バルブ",
                "table_id": "2642",
                "table_type": "P",
                "type": "T"
              },
              {
                "children": [],
                "name": "F42_110_スプロケットボルト",
                "table_id": "2643",
                "table_type": "P",
                "type": "T"
              },
              {
                "children": [],
                "name": "F42_120_ホイールベアリング",
                "table_id": "2644",
                "table_type": "P",
                "type": "T"
              },
              {
                "children": [],
                "name": "F42_20_タイヤ",
                "table_id": "2645",
                "table_type": "P",
                "type": "T"
              },
              {
                "children": [],
                "name": "F42_30_ドリブンフランジ",
                "table_id": "2646",
                "table_type": "P",
                "type": "T"
              },
              {
                "children": [],
                "name": "F42_40_ホイールダンパ",
                "table_id": "2647",
                "table_type": "P",
                "type": "T"
              },
              {
                "children": [],
                "name": "F42_70_リム",
                "table_id": "2648",
                "table_type": "P",
                "type": "T"
              },
              {
                "children": [],
                "name": "F42_80_ホイールハブ",
                "table_id": "2649",
                "table_type": "P",
                "type": "T"
              },
              {
                "children": [],
                "name": "F42_90_スポーク",
                "table_id": "2650",
                "table_type": "P",
                "type": "T"
              }
            ],
            "name": "F42-ELSE",
            "table_id": "2641",
            "table_type": "",
            "type": "F"
          }
        ],
        "name": "F42_RR WHEEL",
        "table_id": "2640",
        "table_type": "",
        "type": "F"
      },
      {
        "children": [
          {
            "children": [
              {
                "children": [],
                "name": "F43_00_01コンベブレーキ(DR-DR-PEDAL)",
                "table_id": "3928",
                "table_type": "F",
                "type": "T"
              },
              {
                "children": [],
                "name": "F43_00_02コンベブレーキ(DR-DR-LEVER)",
                "table_id": "3929",
                "table_type": "F",
                "type": "T"
              },
              {
                "children": [],
                "name": "F43_00_03コンベブレーキ(DI-DR-PEDAL)",
                "table_id": "3930",
                "table_type": "F",
                "type": "T"
              },
              {
                "children": [],
                "name": "F43_00_04コンベブレーキ(DI-DR-LEVER)",
                "table_id": "3931",
                "table_type": "F",
                "type": "T"
              },
              {
                "children": [],
                "name": "F43_00_05コンベブレーキ(DI-DI-PEDAL)",
                "table_id": "3932",
                "table_type": "F",
                "type": "T"
              },
              {
                "children": [],
                "name": "F43_00_06コンベブレーキ(DI-DI-LEVER)",
                "table_id": "3933",
                "table_type": "F",
                "type": "T"
              },
              {
                "children": [],
                "name": "F43_00_09連動ブレーキ(DR-DR-L-1-FRM)",
                "table_id": "3934",
                "table_type": "F",
                "type": "T"
              },
              {
                "children": [],
                "name": "F43_00_10連動ブレーキ(DR-DR-L-1-HNDL)",
                "table_id": "3935",
                "table_type": "F",
                "type": "T"
              },
              {
                "children": [],
                "name": "F43_00_11連動ブレーキ(DR-DR-L-2-FRM)",
                "table_id": "3936",
                "table_type": "F",
                "type": "T"
              },
              {
                "children": [],
                "name": "F43_00_12連動ブレーキ(DI-DR-L-1-HNDL)",
                "table_id": "5641",
                "table_type": "F",
                "type": "T"
              },
              {
                "children": [],
                "name": "F43_00_13連動ブレーキ(DI-DR-L-1-FRM)",
                "table_id": "5642",
                "table_type": "F",
                "type": "T"
              },
              {
                "children": [],
                "name": "F43_00_14連動ブレーキ(DI-DR-L-2-FRM)",
                "table_id": "5643",
                "table_type": "F",
                "type": "T"
              },
              {
                "children": [],
                "name": "F43_00_15連動ブレーキ(DI-DR-P-2)",
                "table_id": "5644",
                "table_type": "F",
                "type": "T"
              },
              {
                "children": [],
                "name": "F43_00_16連動ブレーキ(DI-DI-L)",
                "table_id": "5645",
                "table_type": "F",
                "type": "T"
              },
              {
                "children": [],
                "name": "F43_00_17連動ブレーキ(DI-DI-P)",
                "table_id": "3937",
                "table_type": "F",
                "type": "T"
              },
              {
                "children": [],
                "name": "F43_00_18連動ブレーキ(DI-DI-P-DUAL)",
                "table_id": "5646",
                "table_type": "F",
                "type": "T"
              },
              {
                "children": [],
                "name": "F43_00_ブレーキRR-SPEC",
                "table_id": "2683",
                "table_type": "F",
                "type": "T"
              }
            ],
            "name": "F43-00",
            "table_id": "2682",
            "table_type": "",
            "type": "F"
          },
          {
            "children": [
              {
                "children": [],
                "name": "F43_100_ブラケットASSY.",
                "table_id": "3414",
                "table_type": "P",
                "type": "T"
              },
              {
                "children": [],
                "name": "F43_110_PCV",
                "table_id": "2687",
                "table_type": "P",
                "type": "T"
              },
              {
                "children": [],
                "name": "F43_115_ディレイバルブ",
                "table_id": "2688",
                "table_type": "P",
                "type": "T"
              },
              {
                "children": [],
                "name": "F43_130_ディスクボルト",
                "table_id": "2689",
                "table_type": "P",
                "type": "T"
              },
              {
                "children": [],
                "name": "F43_140_パルサリング",
                "table_id": "2690",
                "table_type": "P",
                "type": "T"
              },
              {
                "children": [],
                "name": "F43_150_CBSマスタシリンダ",
                "table_id": "3415",
                "table_type": "P",
                "type": "T"
              },
              {
                "children": [],
                "name": "F43_25_ブレーキパネルASSY.",
                "table_id": "3416",
                "table_type": "P",
                "type": "T"
              },
              {
                "children": [],
                "name": "F43_30_ブレーキパネルCOMP",
                "table_id": "2693",
                "table_type": "P",
                "type": "T"
              },
              {
                "children": [],
                "name": "F43_31_ブレーキカム",
                "table_id": "2694",
                "table_type": "P",
                "type": "T"
              },
              {
                "children": [],
                "name": "F43_32_ブレーキアーム",
                "table_id": "2695",
                "table_type": "P",
                "type": "T"
              },
              {
                "children": [],
                "name": "F43_33_ブレーキシュー",
                "table_id": "2696",
                "table_type": "P",
                "type": "T"
              },
              {
                "children": [],
                "name": "F43_35_ブレーキドラム",
                "table_id": "2697",
                "table_type": "P",
                "type": "T"
              },
              {
                "children": [],
                "name": "F43_40_キャリパ",
                "table_id": "3417",
                "table_type": "P",
                "type": "T"
              },
              {
                "children": [],
                "name": "F43_42_ブレーキパッド",
                "table_id": "2699",
                "table_type": "P",
                "type": "T"
              },
              {
                "children": [],
                "name": "F43_45_ブレーキディスク",
                "table_id": "2700",
                "table_type": "P",
                "type": "T"
              },
              {
                "children": [],
                "name": "F43_50_ブレーキロッド",
                "table_id": "2701",
                "table_type": "P",
                "type": "T"
              },
              {
                "children": [],
                "name": "F43_55_ブレーキケーブル",
                "table_id": "2702",
                "table_type": "P",
                "type": "T"
              },
              {
                "children": [],
                "name": "F43_60_ブレーキホース",
                "table_id": "2703",
                "table_type": "P",
                "type": "T"
              },
              {
                "children": [],
                "name": "F43_70_ブレーキパイプ",
                "table_id": "2704",
                "table_type": "P",
                "type": "T"
              },
              {
                "children": [],
                "name": "F43_80_ブレーキペダル(CHA)",
                "table_id": "2705",
                "table_type": "P",
                "type": "T"
              },
              {
                "children": [],
                "name": "F43_85_ブレーキレバーLH",
                "table_id": "2706",
                "table_type": "P",
                "type": "T"
              },
              {
                "children": [],
                "name": "F43_90_マスタシリンダRR",
                "table_id": "2707",
                "table_type": "P",
                "type": "T"
              }
            ],
            "name": "F43-ELSE",
            "table_id": "2686",
            "table_type": "",
            "type": "F"
          }
        ],
        "name": "F43_RR BRAKE",
        "table_id": "2681",
        "table_type": "",
        "type": "F"
      },
      {
        "children": [
          {
            "children": [
              {
                "children": [],
                "name": "F44_00_ホイールASSY.FR",
                "table_id": "3419",
                "table_type": "F",
                "type": "T"
              }
            ],
            "name": "F44-00",
            "table_id": "3418",
            "table_type": "",
            "type": "F"
          },
          {
            "children": [
              {
                "children": [],
                "name": "F44_01_キャストホイールFR",
                "table_id": "2713",
                "table_type": "P",
                "type": "T"
              },
              {
                "children": [],
                "name": "F44_02_スポークホイールFR",
                "table_id": "2714",
                "table_type": "P",
                "type": "T"
              }
            ],
            "name": "F44-ELSE",
            "table_id": "2712",
            "table_type": "",
            "type": "F"
          }
        ],
        "name": "F44_FR WHEEL",
        "table_id": "2711",
        "table_type": "",
        "type": "F"
      },
      {
        "children": [
          {
            "children": [
              {
                "children": [],
                "name": "F45_00_スピードメータギヤ-SPEC",
                "table_id": "3421",
                "table_type": "F",
                "type": "T"
              }
            ],
            "name": "F45-00",
            "table_id": "3420",
            "table_type": "",
            "type": "F"
          },
          {
            "children": [
              {
                "children": [],
                "name": "F45_10_スピードメータギヤ",
                "table_id": "2720",
                "table_type": "P",
                "type": "T"
              },
              {
                "children": [],
                "name": "F45_20_スピードメータピニオン",
                "table_id": "2721",
                "table_type": "P",
                "type": "T"
              }
            ],
            "name": "F45-ELSE",
            "table_id": "2719",
            "table_type": "",
            "type": "F"
          }
        ],
        "name": "F45_SPDMT. GEAR & SPDMT. CABLE",
        "table_id": "2718",
        "table_type": "",
        "type": "F"
      },
      {
        "children": [
          {
            "children": [
              {
                "children": [],
                "name": "F46_00_ブレーキFR-SPEC",
                "table_id": "5465",
                "table_type": "F",
                "type": "T"
              }
            ],
            "name": "F46-00",
            "table_id": "5023",
            "table_type": "",
            "type": "F"
          },
          {
            "children": [
              {
                "children": [],
                "name": "F46_100_CBSブレーキASSY.",
                "table_id": "3422",
                "table_type": "P",
                "type": "T"
              },
              {
                "children": [],
                "name": "F46_175_マスタシリンダFR",
                "table_id": "3423",
                "table_type": "P",
                "type": "T"
              },
              {
                "children": [],
                "name": "F46_95_ブレーキレバーRH",
                "table_id": "2730",
                "table_type": "P",
                "type": "T"
              }
            ],
            "name": "F46-ELSE",
            "table_id": "2729",
            "table_type": "",
            "type": "F"
          }
        ],
        "name": "F46_FR BRAKE",
        "table_id": "2728",
        "table_type": "",
        "type": "F"
      },
      {
        "children": [
          {
            "children": [
              {
                "children": [],
                "name": "F47_00_懸架系FR-SPEC",
                "table_id": "3425",
                "table_type": "F",
                "type": "T"
              }
            ],
            "name": "F47-00",
            "table_id": "3424",
            "table_type": "",
            "type": "F"
          },
          {
            "children": [
              {
                "children": [],
                "name": "F47_10_フォークFR",
                "table_id": "2736",
                "table_type": "P",
                "type": "T"
              },
              {
                "children": [],
                "name": "F47_20_クッションFR",
                "table_id": "2737",
                "table_type": "P",
                "type": "T"
              },
              {
                "children": [],
                "name": "F47_30_ステアリング",
                "table_id": "2738",
                "table_type": "P",
                "type": "T"
              }
            ],
            "name": "F47-ELSE",
            "table_id": "2735",
            "table_type": "",
            "type": "F"
          }
        ],
        "name": "F47_FR CUSHION",
        "table_id": "2734",
        "table_type": "",
        "type": "F"
      },
      {
        "children": [
          {
            "children": [
              {
                "children": [],
                "name": "F48_00_懸架系RR-SPEC",
                "table_id": "3427",
                "table_type": "F",
                "type": "T"
              }
            ],
            "name": "F48-00",
            "table_id": "3426",
            "table_type": "",
            "type": "F"
          },
          {
            "children": [
              {
                "children": [],
                "name": "F48_10_スウィングアーム",
                "table_id": "2744",
                "table_type": "P",
                "type": "T"
              },
              {
                "children": [],
                "name": "F48_20_クッションRR",
                "table_id": "2745",
                "table_type": "P",
                "type": "T"
              },
              {
                "children": [],
                "name": "F48_30_クッションアーム",
                "table_id": "2746",
                "table_type": "P",
                "type": "T"
              },
              {
                "children": [],
                "name": "F48_40_コンロッド",
                "table_id": "2747",
                "table_type": "P",
                "type": "T"
              }
            ],
            "name": "F48-ELSE",
            "table_id": "2743",
            "table_type": "",
            "type": "F"
          }
        ],
        "name": "F48_RR CUSHION",
        "table_id": "2742",
        "table_type": "",
        "type": "F"
      },
      {
        "children": [
          {
            "children": [
              {
                "children": [],
                "name": "F50_00_ステアリングTOP",
                "table_id": "3429",
                "table_type": "F",
                "type": "T"
              }
            ],
            "name": "F50-00",
            "table_id": "3428",
            "table_type": "",
            "type": "F"
          },
          {
            "children": [
              {
                "children": [],
                "name": "F50_01_電子ステアリングダンパ_CHA",
                "table_id": "2753",
                "table_type": "P",
                "type": "T"
              },
              {
                "children": [],
                "name": "F50_30_電子ステアリングダンパ_DEN",
                "table_id": "2754",
                "table_type": "P",
                "type": "T"
              }
            ],
            "name": "F50-ELSE",
            "table_id": "2752",
            "table_type": "",
            "type": "F"
          }
        ],
        "name": "F50_STEERING",
        "table_id": "2751",
        "table_type": "",
        "type": "F"
      },
      {
        "children": [
          {
            "children": [
              {
                "children": [],
                "name": "F55_00_電装SEC.TOP",
                "table_id": "3431",
                "table_type": "F",
                "type": "T"
              }
            ],
            "name": "F55-00",
            "table_id": "3430",
            "table_type": "",
            "type": "F"
          },
          {
            "children": [
              {
                "children": [],
                "name": "F55_01_FIユニット",
                "table_id": "2760",
                "table_type": "P",
                "type": "T"
              },
              {
                "children": [],
                "name": "F55_30_バンクアングルセンサ",
                "table_id": "2761",
                "table_type": "P",
                "type": "T"
              },
              {
                "children": [],
                "name": "F55_31_EXH-AI",
                "table_id": "2762",
                "table_type": "P",
                "type": "T"
              }
            ],
            "name": "F55-ELSE",
            "table_id": "2759",
            "table_type": "",
            "type": "F"
          }
        ],
        "name": "F55_FUEL INJECTION",
        "table_id": "2758",
        "table_type": "",
        "type": "F"
      },
      {
        "children": [
          {
            "children": [
              {
                "children": [],
                "name": "F56_00_電装SEC.TOP",
                "table_id": "3433",
                "table_type": "F",
                "type": "T"
              }
            ],
            "name": "F56-00",
            "table_id": "3432",
            "table_type": "",
            "type": "F"
          },
          {
            "children": [
              {
                "children": [],
                "name": "F56_01_グリップヒータ",
                "table_id": "2768",
                "table_type": "P",
                "type": "T"
              }
            ],
            "name": "F56-ELSE",
            "table_id": "2767",
            "table_type": "",
            "type": "F"
          }
        ],
        "name": "F56_ACCESSORY INSTALLED",
        "table_id": "2766",
        "table_type": "",
        "type": "F"
      }
    ],
    "name": "F_車体",
    "table_id": "687",
    "table_type": "",
    "type": "F"
  },
  {
    "children": [
      {
        "children": [
          {
            "children": [
              {
                "children": [],
                "name": "S01_00_電装SEC.TOP",
                "table_id": "3435",
                "table_type": "F",
                "type": "T"
              }
            ],
            "name": "S01-00",
            "table_id": "3434",
            "table_type": "",
            "type": "F"
          },
          {
            "children": [
              {
                "children": [],
                "name": "S01_01_オートクルーズ",
                "table_id": "2776",
                "table_type": "P",
                "type": "T"
              }
            ],
            "name": "S01-ELSE",
            "table_id": "2775",
            "table_type": "",
            "type": "F"
          }
        ],
        "name": "S01_AUTO CRUISE",
        "table_id": "2774",
        "table_type": "",
        "type": "F"
      },
      {
        "children": [
          {
            "children": [
              {
                "children": [],
                "name": "S02_00_電装SEC.TOP",
                "table_id": "3437",
                "table_type": "F",
                "type": "T"
              }
            ],
            "name": "S02-00",
            "table_id": "3436",
            "table_type": "",
            "type": "F"
          },
          {
            "children": [
              {
                "children": [],
                "name": "S02_01_フォグライト",
                "table_id": "2782",
                "table_type": "P",
                "type": "T"
              }
            ],
            "name": "S02-ELSE",
            "table_id": "2781",
            "table_type": "",
            "type": "F"
          }
        ],
        "name": "S02_SPL LAMP",
        "table_id": "2780",
        "table_type": "",
        "type": "F"
      },
      {
        "children": [
          {
            "children": [
              {
                "children": [],
                "name": "S03_00_電装SEC.TOP",
                "table_id": "3439",
                "table_type": "F",
                "type": "T"
              }
            ],
            "name": "S03-00",
            "table_id": "3438",
            "table_type": "",
            "type": "F"
          },
          {
            "children": [
              {
                "children": [],
                "name": "S03_01_パトロールライト",
                "table_id": "2788",
                "table_type": "P",
                "type": "T"
              }
            ],
            "name": "S03-ELSE",
            "table_id": "2787",
            "table_type": "",
            "type": "F"
          }
        ],
        "name": "S03_POLICE VERSION",
        "table_id": "2786",
        "table_type": "",
        "type": "F"
      },
      {
        "children": [
          {
            "children": [
              {
                "children": [],
                "name": "S04_00_電装SEC.TOP",
                "table_id": "3441",
                "table_type": "F",
                "type": "T"
              }
            ],
            "name": "S04-00",
            "table_id": "3440",
            "table_type": "",
            "type": "F"
          },
          {
            "children": [
              {
                "children": [],
                "name": "S04_01_オーディオ",
                "table_id": "2794",
                "table_type": "P",
                "type": "T"
              }
            ],
            "name": "S04-ELSE",
            "table_id": "2793",
            "table_type": "",
            "type": "F"
          }
        ],
        "name": "S04_AUDIO",
        "table_id": "2792",
        "table_type": "",
        "type": "F"
      },
      {
        "children": [
          {
            "children": [
              {
                "children": [],
                "name": "S14_00_サイドボックスTOP",
                "table_id": "3443",
                "table_type": "F",
                "type": "T"
              }
            ],
            "name": "S14-00",
            "table_id": "3442",
            "table_type": "",
            "type": "F"
          },
          {
            "children": [
              {
                "children": [],
                "name": "S14_01_サイドボックス",
                "table_id": "2800",
                "table_type": "P",
                "type": "T"
              }
            ],
            "name": "S14-ELSE",
            "table_id": "2799",
            "table_type": "",
            "type": "F"
          }
        ],
        "name": "S14_SIDE BOX",
        "table_id": "2798",
        "table_type": "",
        "type": "F"
      },
      {
        "children": [
          {
            "children": [
              {
                "children": [],
                "name": "S20_00_CHA",
                "table_id": "4963",
                "table_type": "F",
                "type": "T"
              },
              {
                "children": [],
                "name": "S20_00_電装SEC.TOP",
                "table_id": "3445",
                "table_type": "F",
                "type": "T"
              }
            ],
            "name": "S20-00",
            "table_id": "3444",
            "table_type": "",
            "type": "F"
          },
          {
            "children": [
              {
                "children": [],
                "name": "S20_01_ABS",
                "table_id": "2806",
                "table_type": "P",
                "type": "T"
              },
              {
                "children": [],
                "name": "S20_02_モジュレータ",
                "table_id": "2807",
                "table_type": "P",
                "type": "T"
              },
              {
                "children": [],
                "name": "S20_30_車輪速センサ",
                "table_id": "2808",
                "table_type": "P",
                "type": "T"
              },
              {
                "children": [],
                "name": "S20_31_ABS_ECU",
                "table_id": "2809",
                "table_type": "P",
                "type": "T"
              }
            ],
            "name": "S20-ELSE",
            "table_id": "2805",
            "table_type": "",
            "type": "F"
          }
        ],
        "name": "S20_ABS",
        "table_id": "2804",
        "table_type": "",
        "type": "F"
      }
    ],
    "name": "S_特殊",
    "table_id": "2773",
    "table_type": "",
    "type": "F"
  },
  {
    "children": [],
    "name": "foo",
    "table_id": "18314",
    "table_type": "E",
    "type": "T"
  },
  {
    "children": [],
    "name": "テスト",
    "table_id": "18374",
    "table_type": "F",
    "type": "T"
  }
]
