[
  {
    "column_id": "236909",
    "hidden": false,
    "name": "record_key",
    "property": "LITERAL",
    "type": "TEXT"
  },
  {
    "children": [
      {
        "children": [
          {
            "column_id": "236971",
            "hidden": false,
            "name": "A12",
            "property": "LITERAL",
            "type": "NUM1",
            "unit": "[mm]"
          }
        ],
        "group_id": "1-1",
        "name": "A10"
      },
      {
        "column_id": "236972",
        "hidden": false,
        "name": "A20",
        "property": "LITERAL",
        "type": "TEXT",
        "unit": "[kg]"
      }
    ],
    "group_id": "1-0",
    "name": "A00"
  },
  {
    "column_id": "236973",
    "hidden": false,
    "name": "B00",
    "property": "LITERAL",
    "type": "TEXT",
    "unit": "[-]"
  },
  {
    "column_id": "237013",
    "hidden": false,
    "name": "g",
    "property": "LITERAL",
    "type": "NUM1"
  },
  {
    "column_id": "236990",
    "hidden": false,
    "name": "a",
    "property": "CONCATE",
    "type": "TEXT"
  }
]
