[
  {
    "cells": [
      { "column_id": "236909", "value": "1" },
      { "column_id": "236971", "value": "10.1111111" },
      { "column_id": "236973", "value": "1-B00" },
      { "column_id": "236972", "value": "1-X20" },
      { "column_id": "237013", "value": "3.37333333333333" },
      { "column_id": "236990", "value": "test_" }
    ],
    "record_key": "1",
    "row_id": "1007061"
  },
  {
    "cells": [
      { "column_id": "236909", "value": "2" },
      { "column_id": "236971", "value": "210.7111111" },
      { "column_id": "236973", "value": "2-B00" },
      { "column_id": "236972", "value": "2-A20" },
      { "column_id": "237013", "value": "3.5333333333333" },
      { "column_id": "236990", "value": "test_" }
    ],
    "record_key": "2",
    "row_id": "1007041"
  },
  {
    "cells": [
      { "column_id": "236909", "value": "3" },
      { "column_id": "236971", "value": "0.1" },
      { "column_id": "236973", "value": "3-B00" },
      { "column_id": "236972", "value": "3-A20" },
      { "column_id": "236990", "value": "test_" }
    ],
    "record_key": "3",
    "row_id": "1007081"
  }
]
