[
  {
    "column_id": "1",
    "name1": "record_key",
    "name2": "",
    "name3": "",
    "hidden": false,
    "property": "LITERAL",
    "type": "TEXT",
    "unit": "cm"
  },
  {
    "column_id": "2",
    "name1": "A00",
    "name2": "A10",
    "name3": "",
    "hidden": false,
    "property": "LITERAL",
    "type": "TEXT",
    "unit": "cm"
  },
  {
    "column_id": "3",
    "name1": "A00",
    "name2": "A20",
    "name3": "",
    "hidden": false,
    "property": "LITERAL",
    "type": "TEXT",
    "unit": "cm"
  },
  {
    "column_id": "4",
    "name1": "A00",
    "name2": "A20",
    "name3": "A21",
    "hidden": false,
    "property": "LITERAL",
    "type": "TEXT",
    "unit": "cm"
  },
  {
    "column_id": "5",
    "name1": "A00",
    "name2": "A20",
    "name3": "A22",
    "hidden": false,
    "property": "LITERAL",
    "type": "TEXT",
    "unit": "cm"
  },
  {
    "column_id": "6",
    "name1": "B00",
    "name2": "",
    "name3": "",
    "hidden": false,
    "property": "LITERAL",
    "type": "TEXT",
    "unit": "cm"
  },
  {
    "column_id": "237013",
    "name1": "g",
    "name2": "",
    "name3": "",
    "hidden": false,
    "property": "LITERAL",
    "type": "NUM1",
    "unit": "cm"
  },
  {
    "column_id": "3922",
    "hidden": false,
    "name1": "FRM機種ID",
    "name2": "",
    "name3": "",
    "property": "PULLDOWN",
    "type": "TEXT",
    "unit": "(-)"
  },
  {
    "column_id": "3927",
    "hidden": false,
    "name1": "DPM(Data Proto Model)",
    "name2": "ファイル名",
    "name3": "",
    "property": "LITERAL",
    "type": "TEXT",
    "unit": "(-)"
  },
  {
    "column_id": "3929",
    "hidden": false,
    "name1": "乗車定員",
    "name2": "運転者_乗員サイズ",
    "name3": "呼び",
    "property": "PULLDOWN",
    "type": "TEXT",
    "unit": "(-)"
  },
  {
    "column_id": "3930",
    "hidden": false,
    "name1": "乗車定員",
    "name2": "運転者_体重",
    "name3": "※ライダ",
    "property": "VLOOKUP",
    "type": "NUM0",
    "unit": "(kg)"
  },
  {
    "column_id": "153407",
    "hidden": false,
    "name1": "乗車定員",
    "name2": "パッセンジャ_乗員サイズ",
    "name3": "呼び",
    "property": "PULLDOWN",
    "type": "TEXT",
    "unit": "(-)"
  },
  {
    "column_id": "153408",
    "hidden": false,
    "name1": "乗車定員",
    "name2": "パッセンジャ_体重",
    "name3": "※パッセンジャ",
    "property": "VLOOKUP",
    "type": "NUM0",
    "unit": "(kg)"
  },
  {
    "column_id": "3931",
    "hidden": false,
    "name1": "乗車定員",
    "name2": "規定乗車定員",
    "name3": "",
    "property": "LITERAL",
    "type": "NUM0",
    "unit": "(名)"
  },
  {
    "column_id": "153410",
    "hidden": false,
    "name1": "乗車定員",
    "name2": "乗車定員質量",
    "name3": "",
    "property": "IF",
    "type": "NUM0",
    "unit": "(kg)"
  },
  {
    "column_id": "153411",
    "hidden": false,
    "name1": "乗車定員",
    "name2": "乗車定員質量",
    "name3": "直接合計入力",
    "property": "LITERAL",
    "type": "NUM0",
    "unit": "(kg)"
  },
  {
    "column_id": "3932",
    "hidden": false,
    "name1": "積載質量",
    "name2": "標準",
    "name3": "",
    "property": "LITERAL",
    "type": "NUM1",
    "unit": "(kg)"
  },
  {
    "column_id": "3933",
    "hidden": false,
    "name1": "積載質量",
    "name2": "用品",
    "name3": "",
    "property": "LITERAL",
    "type": "TEXT",
    "unit": "(kg)"
  },
  {
    "column_id": "3974",
    "hidden": false,
    "name1": "完成車_整備質量(Curb Mass)",
    "name2": "設計値",
    "name3": "合計",
    "property": "CALC",
    "type": "NUM1",
    "unit": "(kg)"
  },
  {
    "column_id": "3944",
    "hidden": false,
    "name1": "完成車_整備質量(Curb Mass)",
    "name2": "設計値",
    "name3": "FR分担",
    "property": "LITERAL",
    "type": "TEXT",
    "unit": "(kg)"
  },
  {
    "column_id": "3945",
    "hidden": false,
    "name1": "完成車_整備質量(Curb Mass)",
    "name2": "設計値",
    "name3": "RR分担",
    "property": "LITERAL",
    "type": "TEXT",
    "unit": "(kg)"
  },
  {
    "column_id": "187767",
    "hidden": false,
    "name1": "完成車_整備質量(Curb Mass)",
    "name2": "設計値",
    "name3": "サイドカー分担",
    "property": "LITERAL",
    "type": "NUM1",
    "unit": "(kg)"
  },
  {
    "column_id": "189858",
    "hidden": false,
    "name1": "完成車_整備質量(Curb Mass) ",
    "name2": "設計値",
    "name3": "サイドカー分担(中間処理2)",
    "property": "IF",
    "type": "NUM1",
    "unit": "(kg)"
  },
  {
    "column_id": "3946",
    "hidden": false,
    "name1": "完成車_整備質量(Curb Mass)",
    "name2": "設計値",
    "name3": "サイドカー分担(中間処理1)",
    "property": "IF",
    "type": "NUM1",
    "unit": "(kg)"
  },
  {
    "column_id": "3975",
    "hidden": false,
    "name1": "完成車_整備質量(Curb Mass)",
    "name2": "配分",
    "name3": "FR分担比率",
    "property": "CALC",
    "type": "NUM1",
    "unit": "(%)"
  },
  {
    "column_id": "3976",
    "hidden": false,
    "name1": "完成車_整備質量(Curb Mass)",
    "name2": "配分",
    "name3": "RR分担比率",
    "property": "CALC",
    "type": "NUM1",
    "unit": "(%)"
  },
  {
    "column_id": "3977",
    "hidden": false,
    "name1": "完成車_整備質量(Curb Mass)",
    "name2": "配分",
    "name3": "サイドカー分担比率",
    "property": "CALC",
    "type": "NUM1",
    "unit": "(%)"
  },
  {
    "column_id": "3978",
    "hidden": false,
    "name1": "完成車_乾燥質量(Dry Mass)",
    "name2": "設計値",
    "name3": "合計",
    "property": "CALC",
    "type": "NUM1",
    "unit": "(kg)"
  },
  {
    "column_id": "3947",
    "hidden": false,
    "name1": "完成車_乾燥質量(Dry Mass)",
    "name2": "設計値",
    "name3": "FR分担",
    "property": "LITERAL",
    "type": "TEXT",
    "unit": "(kg)"
  },
  {
    "column_id": "3948",
    "hidden": false,
    "name1": "完成車_乾燥質量(Dry Mass)",
    "name2": "設計値",
    "name3": "RR分担",
    "property": "LITERAL",
    "type": "TEXT",
    "unit": "(kg)"
  },
  {
    "column_id": "187768",
    "hidden": false,
    "name1": "完成車_乾燥質量(Dry Mass)",
    "name2": "設計値",
    "name3": "サイドカー分担",
    "property": "LITERAL",
    "type": "NUM1",
    "unit": "(kg)"
  },
  {
    "column_id": "3979",
    "hidden": false,
    "name1": "完成車_乾燥質量(Dry Mass)",
    "name2": "配分",
    "name3": "FR分担比率",
    "property": "CALC",
    "type": "NUM1",
    "unit": "(%)"
  },
  {
    "column_id": "3980",
    "hidden": false,
    "name1": "完成車_乾燥質量(Dry Mass)",
    "name2": "配分",
    "name3": "RR分担比率",
    "property": "CALC",
    "type": "NUM1",
    "unit": "(%)"
  },
  {
    "column_id": "3981",
    "hidden": false,
    "name1": "完成車_乾燥質量(Dry Mass)",
    "name2": "配分",
    "name3": "サイドカー分担比率",
    "property": "CALC",
    "type": "NUM1",
    "unit": "(%)"
  },
  {
    "column_id": "3982",
    "hidden": false,
    "name1": "完成車_完全乾燥質量",
    "name2": "設計値",
    "name3": "合計",
    "property": "CALC",
    "type": "NUM1",
    "unit": "(kg)"
  },
  {
    "column_id": "3950",
    "hidden": false,
    "name1": "完成車_完全乾燥質量",
    "name2": "設計値",
    "name3": "FR分担",
    "property": "LITERAL",
    "type": "NUM1",
    "unit": "(kg)"
  },
  {
    "column_id": "3951",
    "hidden": false,
    "name1": "完成車_完全乾燥質量",
    "name2": "設計値",
    "name3": "RR分担",
    "property": "LITERAL",
    "type": "NUM1",
    "unit": "(kg)"
  },
  {
    "column_id": "187769",
    "hidden": false,
    "name1": "完成車_完全乾燥質量",
    "name2": "設計値",
    "name3": "サイドカー分担",
    "property": "LITERAL",
    "type": "NUM1",
    "unit": "(kg)"
  },
  {
    "column_id": "3983",
    "hidden": false,
    "name1": "完成車_完全乾燥質量",
    "name2": "配分",
    "name3": "FR分担比率",
    "property": "CALC",
    "type": "NUM1",
    "unit": "(%)"
  },
  {
    "column_id": "3984",
    "hidden": false,
    "name1": "完成車_完全乾燥質量",
    "name2": "配分",
    "name3": "RR分担比率",
    "property": "CALC",
    "type": "NUM1",
    "unit": "(%)"
  },
  {
    "column_id": "3985",
    "hidden": false,
    "name1": "完成車_完全乾燥質量",
    "name2": "配分",
    "name3": "サイドカー分担比率",
    "property": "CALC",
    "type": "NUM1",
    "unit": "(%)"
  },
  {
    "column_id": "3986",
    "hidden": false,
    "name1": "完成車_最大積載時質量",
    "name2": "設計値",
    "name3": "合計",
    "property": "CALC",
    "type": "NUM1",
    "unit": "(kg)"
  },
  {
    "column_id": "3953",
    "hidden": false,
    "name1": "完成車_最大積載時質量",
    "name2": "設計値",
    "name3": "FR分担",
    "property": "LITERAL",
    "type": "NUM1",
    "unit": "(kg)"
  },
  {
    "column_id": "3954",
    "hidden": false,
    "name1": "完成車_最大積載時質量",
    "name2": "設計値",
    "name3": "RR分担",
    "property": "LITERAL",
    "type": "NUM1",
    "unit": "(kg)"
  },
  {
    "column_id": "187770",
    "hidden": false,
    "name1": "完成車_最大積載時質量",
    "name2": "設計値",
    "name3": "サイドカー分担",
    "property": "LITERAL",
    "type": "NUM1",
    "unit": "(kg)"
  },
  {
    "column_id": "3987",
    "hidden": false,
    "name1": "完成車_最大積載時質量",
    "name2": "配分",
    "name3": "FR分担比率",
    "property": "CALC",
    "type": "NUM1",
    "unit": "(%)"
  },
  {
    "column_id": "3988",
    "hidden": false,
    "name1": "完成車_最大積載時質量",
    "name2": "配分",
    "name3": "RR分担比率",
    "property": "CALC",
    "type": "NUM1",
    "unit": "(%)"
  },
  {
    "column_id": "3989",
    "hidden": false,
    "name1": "完成車_最大積載時質量",
    "name2": "配分",
    "name3": "サイドカー分担比率",
    "property": "CALC",
    "type": "NUM1",
    "unit": "(%)"
  },
  {
    "column_id": "3990",
    "hidden": false,
    "name1": "完成車_整備一名質量",
    "name2": "設計値",
    "name3": "合計",
    "property": "CALC",
    "type": "NUM1",
    "unit": "(kg)"
  },
  {
    "column_id": "3956",
    "hidden": false,
    "name1": "完成車_整備一名質量",
    "name2": "設計値",
    "name3": "FR分担",
    "property": "LITERAL",
    "type": "NUM1",
    "unit": "(kg)"
  },
  {
    "column_id": "3957",
    "hidden": false,
    "name1": "完成車_整備一名質量",
    "name2": "設計値",
    "name3": "RR分担",
    "property": "LITERAL",
    "type": "NUM1",
    "unit": "(kg)"
  },
  {
    "column_id": "187771",
    "hidden": false,
    "name1": "完成車_整備一名質量",
    "name2": "設計値",
    "name3": "サイドカー分担",
    "property": "LITERAL",
    "type": "NUM1",
    "unit": "(kg)"
  },
  {
    "column_id": "3991",
    "hidden": false,
    "name1": "完成車_整備一名質量",
    "name2": "配分",
    "name3": "FR分担比率",
    "property": "CALC",
    "type": "NUM1",
    "unit": "(%)"
  },
  {
    "column_id": "3992",
    "hidden": false,
    "name1": "完成車_整備一名質量",
    "name2": "配分",
    "name3": "RR分担比率",
    "property": "CALC",
    "type": "NUM1",
    "unit": "(%)"
  },
  {
    "column_id": "3993",
    "hidden": false,
    "name1": "完成車_整備一名質量",
    "name2": "配分",
    "name3": "サイドカー分担比率",
    "property": "CALC",
    "type": "NUM1",
    "unit": "(%)"
  },
  {
    "column_id": "3994",
    "hidden": false,
    "name1": "完成車_整備二名質量",
    "name2": "設計値",
    "name3": "合計",
    "property": "CALC",
    "type": "NUM1",
    "unit": "(kg)"
  },
  {
    "column_id": "3959",
    "hidden": false,
    "name1": "完成車_整備二名質量",
    "name2": "設計値",
    "name3": "FR分担",
    "property": "LITERAL",
    "type": "NUM1",
    "unit": "(kg)"
  },
  {
    "column_id": "3960",
    "hidden": false,
    "name1": "完成車_整備二名質量",
    "name2": "設計値",
    "name3": "RR分担",
    "property": "LITERAL",
    "type": "NUM1",
    "unit": "(kg)"
  },
  {
    "column_id": "187772",
    "hidden": false,
    "name1": "完成車_整備二名質量",
    "name2": "設計値",
    "name3": "サイドカー分担",
    "property": "LITERAL",
    "type": "NUM1",
    "unit": "(kg)"
  },
  {
    "column_id": "3995",
    "hidden": false,
    "name1": "完成車_整備二名質量",
    "name2": "配分",
    "name3": "FR分担比率",
    "property": "CALC",
    "type": "NUM1",
    "unit": "(%)"
  },
  {
    "column_id": "3996",
    "hidden": false,
    "name1": "完成車_整備二名質量",
    "name2": "配分",
    "name3": "RR分担比率",
    "property": "CALC",
    "type": "NUM1",
    "unit": "(%)"
  },
  {
    "column_id": "3997",
    "hidden": false,
    "name1": "完成車_整備二名質量",
    "name2": "配分",
    "name3": "サイドカー分担比率",
    "property": "CALC",
    "type": "NUM1",
    "unit": "(%)"
  },
  {
    "column_id": "3962",
    "hidden": false,
    "name1": "定格総軸荷重(Gross Axle Weight Rating)",
    "name2": "FR",
    "name3": "",
    "property": "LITERAL",
    "type": "TEXT",
    "unit": "(kg)"
  },
  {
    "column_id": "3963",
    "hidden": false,
    "name1": "定格総軸荷重(Gross Axle Weight Rating)",
    "name2": "RR",
    "name3": "",
    "property": "LITERAL",
    "type": "TEXT",
    "unit": "(kg)"
  },
  {
    "column_id": "3964",
    "hidden": false,
    "name1": "完成車_グロス質量(Gross Vehicle Weight Rating)",
    "name2": "",
    "name3": "",
    "property": "LITERAL",
    "type": "TEXT",
    "unit": "(kg)"
  },
  {
    "column_id": "3965",
    "hidden": false,
    "name1": "車両総質量(Loaded Mass)",
    "name2": "FR",
    "name3": "",
    "property": "LITERAL",
    "type": "NUM0",
    "unit": "(kg)"
  },
  {
    "column_id": "3966",
    "hidden": false,
    "name1": "車両総質量(Loaded Mass)",
    "name2": "RR",
    "name3": "",
    "property": "LITERAL",
    "type": "TEXT",
    "unit": "(kg)"
  },
  {
    "column_id": "3967",
    "hidden": false,
    "name1": "完成車_最大許容荷重(MAXimum Weight Capacity)",
    "name2": "",
    "name3": "",
    "property": "LITERAL",
    "type": "TEXT",
    "unit": "(kg)"
  }
]
